"Symbol","vwma","price","vwmaYes","priceYes","vwma_4h","price_4h","vwmaYes_4h","priceYes_4h","vwma_1h","price_1h","vwmaYes_1h","priceYes_1h","vwma_30m","price_30m","vwmaYes_30m","priceYes_30m"
EURUSD,1.115859,1.121680,1.112983,1.125860,1.130987,1.121680,1.131924,1.124330,1.127878,1.120470,1.128339,1.123580,1.125693,1.120640,1.126352,1.121480,,
GBPUSD,1.290137,1.265370,1.291428,1.281680,1.289272,1.265310,1.291684,1.274710,1.279244,1.265780,1.280275,1.272920,1.275988,1.265750,1.277025,1.266420,,
USDJPY,106.804751,104.141000,107.290585,104.431000,104.351840,104.053000,104.353442,103.829000,103.837171,104.140000,103.861673,103.714000,103.756128,104.140000,103.733979,103.832000,,
EURUSD.,1.115717,1.120500,1.112897,1.125900,1.131093,1.121820,1.132029,1.124450,1.127998,1.120530,1.128460,1.123710,1.125813,1.120530,1.126483,1.121620,,
GBPUSD.,1.289838,1.265540,1.291130,1.281050,1.289303,1.265480,1.291712,1.274870,1.279350,1.265540,1.280391,1.273060,1.276124,1.265540,1.277177,1.266610,,
USDJPY.,106.786391,104.144000,107.272348,104.421000,104.361015,104.067000,104.362555,103.841000,103.847326,104.139000,103.872190,103.726000,103.767897,104.138000,103.746323,103.846000,,
AUDJPY.,70.112421,66.263000,70.566590,67.742000,67.794890,66.264000,67.909146,66.619000,66.915133,66.262000,67.009153,66.223000,66.621352,66.262000,66.672726,66.011000,,
AUDUSD.,0.656386,0.636400,0.657666,0.648800,0.649580,0.635900,0.650711,0.641540,0.644364,0.636400,0.645108,0.638450,0.642031,0.636400,0.642654,0.635640,,
EURCHF.,1.061821,1.055190,1.062313,1.057300,1.058544,1.055220,1.058884,1.054800,1.055929,1.055220,1.056106,1.055140,1.055213,1.055220,1.055266,1.055000,,
EURGBP.,0.864397,0.884710,0.861351,0.877920,0.877030,0.884710,0.876192,0.881960,0.881581,0.884720,0.881242,0.882640,0.882138,0.884770,0.881961,0.885490,,
EURJPY.,119.131074,116.688000,119.366436,117.579000,118.043792,116.745000,118.142776,116.763000,117.140409,116.663000,117.218240,116.559000,116.823917,116.663000,116.870484,116.480000,,
NZDUSD.,0.629405,0.618800,0.630185,0.627110,0.628030,0.618470,0.628682,0.623990,0.624968,0.618800,0.625436,0.620900,0.624013,0.618800,0.624480,0.618430,,
USDCAD.,1.347307,1.383570,1.343681,1.377760,1.373812,1.384630,1.372757,1.377760,1.378555,1.383570,1.378253,1.381830,1.378763,1.383570,1.378395,1.383970,,
USDCHF.,0.951818,0.941510,0.954704,0.938780,0.935864,0.941070,0.935376,0.938020,0.936080,0.941510,0.935856,0.938950,0.937272,0.941510,0.936768,0.940730,,
AUDCAD.,0.884171,0.880380,0.883542,0.893730,0.892285,0.880390,0.893159,0.883810,0.888205,0.880390,0.889039,0.882160,0.885139,0.880390,0.885762,0.879980,,
AUDCHF.,0.624498,0.599030,0.627619,0.608970,0.607800,0.598400,0.608538,0.601710,0.603098,0.599100,0.603652,0.599420,0.601673,0.599100,0.601935,0.597880,,
CADCHF.,0.706197,0.680080,0.710234,0.681010,0.681086,0.679670,0.681244,0.680740,0.678898,0.680080,0.678895,0.679400,0.679669,0.680080,0.679499,0.679600,,
CADJPY.,79.266633,75.234000,79.838419,75.742000,75.948689,75.152000,76.007598,75.356000,75.317049,75.234000,75.352102,75.052000,75.250516,75.234000,75.255822,75.031000,,
CHFJPY.,112.082242,110.484000,112.258839,111.147000,111.474936,110.575000,111.533711,110.688000,110.914982,110.485000,110.971942,110.452000,110.692514,110.485000,110.734020,110.366000,,
EURAUD.,1.699156,1.761270,1.691427,1.734760,1.741150,1.764400,1.739517,1.752570,1.750449,1.761470,1.749097,1.759980,1.753444,1.762460,1.752695,1.763890,,
EURCAD.,1.503379,1.551870,1.495488,1.551210,1.553859,1.553510,1.553942,1.549150,1.555006,1.551870,1.555232,1.552730,1.552209,1.551770,1.552649,1.552090,,
GBPCHF.,1.227515,1.191380,1.232445,1.203180,1.206593,1.191020,1.208208,1.195810,1.197511,1.191380,1.198208,1.195300,1.196000,1.191380,1.196350,1.191370,,
GBPJPY.,137.745626,131.819000,138.507076,133.821000,134.551668,131.686000,134.804035,132.379000,132.851517,131.794000,132.991524,132.045000,132.415648,131.807000,132.496174,131.538000,,
NZDCAD.,0.847820,0.855850,0.846603,0.864050,0.862689,0.855840,0.862946,0.859630,0.861471,0.855810,0.861941,0.857960,0.357426,0.855810,0.286039,0.856230,,
NZDCHF.,0.598875,0.582150,0.601448,0.588770,0.587706,0.582120,0.587998,0.585260,0.584930,0.582120,0.585250,0.582920,0.584778,0.582120,0.584922,0.581750,,
NZDJPY.,67.207547,64.402000,67.597033,65.484000,65.535759,64.354000,65.604429,64.792000,64.893842,64.402000,64.959612,64.398000,64.744951,64.402000,64.781565,64.210000,,
USDHKD.,7.776367,7.780310,7.777379,7.767340,7.769737,7.779760,7.769232,7.773500,7.772388,7.780310,7.771712,7.778530,7.774283,7.780310,7.773686,7.780750,,
USDSGD.,1.389104,1.405330,1.388949,1.393700,1.392864,1.405720,1.391691,1.402350,1.399761,1.405330,1.399057,1.404130,1.401751,1.405330,1.401370,1.405310,,
AUDNZD.,1.042425,1.027770,1.043188,1.034210,1.033860,1.027950,1.034582,1.027800,1.030694,1.027770,1.031128,1.027950,1.028538,1.027780,1.028783,1.027400,,
EURBRL.,5.071419,5.413710,5.023806,5.357610,5.264664,5.413710,5.244159,5.357610,5.298450,5.413710,5.292069,5.357610,5.306644,5.413710,5.298644,5.357610,,
EURDKK.,7.470289,7.471900,7.470229,7.471570,7.471601,7.472280,7.471418,7.471000,7.471679,7.471900,7.471681,7.472370,7.471738,7.471970,7.471705,7.472410,,
EURNZD.,1.772232,1.817070,1.765219,1.794180,1.800334,1.813940,1.799918,1.801600,1.804729,1.817360,1.803776,1.809380,1.804010,1.817280,1.803397,1.813160,,
EURTRY.,6.861960,7.046190,6.836283,6.995950,6.992694,7.024860,6.988519,7.012350,7.025696,7.047460,7.023423,7.024120,7.024931,7.047120,7.024998,7.016770,,
GBPAUD.,1.964269,1.989670,1.962248,1.974130,1.984545,1.990060,1.984775,1.986870,1.985198,1.989950,1.984440,1.993680,1.987403,1.989980,1.987033,1.992080,,
GBPCAD.,1.737649,1.750290,1.734758,1.765170,1.771047,1.752400,1.772985,1.756270,1.763417,1.750120,1.764500,1.758960,1.759197,1.750150,1.760216,1.752310,,
GBPNZD.,2.048317,2.044820,2.047819,2.042120,2.052235,2.046300,2.053906,2.042540,2.046584,2.045390,2.046681,2.049870,2.044532,2.045390,2.044656,2.047060,,
NZDAUD.,0.958054,0.972400,0.957325,0.966110,0.966457,0.972450,0.965763,0.972380,0.969625,0.972380,0.969210,0.972210,0.405321,0.972400,0.324279,0.972140,,
USDBRL.,4.561425,4.928110,4.526470,4.754010,4.671193,4.956100,4.649627,4.754010,4.693248,4.928110,4.679343,4.754010,4.723352,4.928110,4.706589,4.923600,,
USDCNH.,6.964640,7.021990,6.966755,6.960320,6.967569,7.023750,6.963260,7.009530,6.989538,7.022140,6.985988,7.017470,7.003512,7.022140,7.000795,7.021830,,
USDDKK.,6.692496,6.639250,6.710996,6.633850,6.604058,6.639930,6.599379,6.643860,6.622345,6.641820,6.620825,6.649530,2.773638,6.641780,2.219558,6.661750,,
USDTRY.,6.143726,6.253010,6.137838,6.209480,6.180073,6.255790,6.171595,6.232080,6.222928,6.253010,6.219891,6.247260,2.601838,6.253010,2.081045,6.251160,,
EURCZK.,25.417325,26.136000,25.360619,25.746600,25.707417,26.130700,25.672563,26.025100,25.882981,26.136000,25.856680,26.104000,25.991985,26.136100,25.968442,26.104100,,
EURHUF.,336.457946,337.762000,336.578157,336.021000,335.737760,338.210000,335.599430,337.358000,337.013555,337.759000,336.924377,337.875000,337.494276,337.759000,337.419953,338.232000,,
EURILS.,3.883374,4.087460,3.858870,4.011070,4.011108,4.074100,4.006171,4.067010,4.045130,4.087460,4.039522,4.081580,4.069775,4.086870,4.066635,4.077590,,
EURNOK.,10.490543,11.300770,10.418971,10.912810,10.920494,11.344030,10.890999,11.148410,11.082170,11.299620,11.058423,11.277970,4.710513,11.299620,3.768470,11.348340,,
EURPLN.,4.306560,4.353860,4.303861,4.320870,4.320549,4.357690,4.318240,4.343380,4.335831,4.353860,4.333915,4.352440,4.342005,4.353840,4.340453,4.353260,,
EURSEK.,10.631894,10.899710,10.612690,10.722650,10.761193,10.912670,10.753669,10.809100,10.790753,10.898310,10.780833,10.842490,10.811132,10.896810,10.802939,10.899650,,
USDCZK.,22.771963,23.203400,22.784929,22.867200,22.731365,23.301200,22.681121,23.143400,22.943147,23.202700,22.916296,23.230100,23.080828,23.202700,23.051969,23.260600,,
GBPILS.,4.491480,4.608710,4.479881,4.564210,4.574975,4.601510,4.574041,4.614210,4.589535,4.609210,4.585335,4.627110,1.921707,4.609210,1.537474,4.609010,,
USDHUF.,301.491733,300.091000,302.448326,298.361000,296.760133,300.043000,296.459586,300.046000,298.707865,299.967000,298.573477,300.672000,299.714482,299.967000,299.538574,301.685000,,
USDILS.,3.483636,3.635380,3.471292,3.562560,3.549016,3.636160,3.541597,3.619050,3.589439,3.635380,3.583813,3.635690,3.616721,3.635380,3.612632,3.636100,,
USDMXN.,19.985668,22.147610,19.788945,21.396910,21.189785,22.224170,21.091601,21.935010,21.772061,22.147610,21.722506,22.149360,9.202861,22.147610,7.358491,22.249800,,
USDNOK.,9.402488,10.078880,9.362402,9.693250,9.655942,10.115150,9.621538,9.911910,9.824254,10.080830,9.799159,10.033250,4.198338,10.083130,3.358173,10.124810,,
USDPLN.,3.858786,3.866910,3.867148,3.838750,3.819694,3.885080,3.814395,3.862550,3.842846,3.866890,3.840438,3.873010,3.855755,3.866890,3.852936,3.881790,,
USDRON.,4.326321,4.281830,4.338352,4.272010,4.252339,4.298560,4.251145,4.289410,4.266640,4.281710,4.264163,4.286910,1.788109,4.282140,1.430860,4.299800,,
USDRUB.,68.053516,74.939600,67.359223,72.922100,71.999625,74.949600,71.467969,74.973600,73.129770,74.949600,72.881658,75.126600,31.283346,74.949600,25.031901,75.149600,,
USDSEK.,9.526348,9.686900,9.535435,9.519310,9.513787,9.726260,9.499216,9.612010,9.564377,9.680020,9.553784,9.649300,9.600938,9.680020,9.590081,9.716220,,
USDZAR.,15.612965,16.435510,15.532012,16.200580,16.109957,16.444180,16.074710,16.377410,16.363895,16.437110,16.350344,16.416720,6.838520,16.435810,5.469596,16.442610,,
ACBFF,1.326450,0.850000,1.377697,0.960000,1.167106,0.850000,1.204948,0.910000,0.961654,0.850000,0.970983,0.890000,0.936797,0.850000,0.945850,0.860000,,
ADBE,346.910473,316.190000,350.235328,331.070000,336.887870,316.190000,339.707351,313.430000,318.584812,316.190000,318.530737,311.320000,0.000000,316.190000,0.000000,0.000000,,
AMAZON,1938.779765,1825.970000,1955.952005,1886.730000,1892.575204,1825.970000,1900.015286,1830.150000,1842.619573,1825.970000,1843.217736,1814.000000,1838.726408,1825.970000,1841.701972,1814.000000,,
ALIBABA,207.723973,198.860000,208.570229,205.920000,205.122519,198.860000,205.806526,197.620000,200.731117,198.860000,200.901897,197.140000,0.000000,198.860000,0.000000,0.000000,,
ALCOA,12.820187,8.930000,13.298595,9.220000,10.915201,8.930000,11.256615,8.520000,8.728459,8.930000,8.741509,8.430000,0.000000,8.930000,0.000000,0.000000,,
ALTGR,42.315078,40.620000,42.575776,42.150000,42.018555,40.620000,42.112644,41.490000,41.069045,40.620000,41.071330,40.390000,0.000000,40.620000,0.000000,0.000000,,
AMEX,113.639006,95.520000,116.085942,103.000000,106.411560,95.520000,107.562184,97.110000,98.581857,95.520000,98.842267,94.670000,0.000000,95.520000,0.000000,0.000000,,
AMGEN,209.634303,198.890000,210.986690,206.760000,206.559218,198.890000,207.113905,200.890000,200.137899,198.890000,200.094059,197.770000,0.000000,198.890000,0.000000,0.000000,,
APPLE,290.092768,275.840000,292.300209,283.820000,286.083293,275.840000,287.262943,276.820000,276.384248,275.840000,276.206613,274.120000,276.513941,275.840000,276.660518,274.120000,,
ATNT,36.712308,34.630000,36.938564,35.800000,36.285529,34.630000,36.435407,34.630000,34.773424,34.630000,34.794794,34.370000,0.000000,34.630000,0.000000,0.000000,,
BAIDU,119.636684,108.450000,121.140691,111.350000,114.466412,108.450000,115.357311,108.470000,109.095945,108.450000,109.083656,108.010000,108.639608,108.450000,108.765118,108.010000,,
BBRY,4.998950,4.170000,5.127530,4.190000,4.475265,4.170000,4.545037,4.150000,4.103978,4.170000,4.091569,4.070000,0.000000,4.170000,0.000000,0.000000,,
BERKB,211.303641,195.110000,213.359097,201.880000,204.810309,195.110000,206.024432,194.310000,196.563792,195.110000,196.708975,194.380000,0.000000,195.110000,0.000000,0.000000,,
BIIB,318.003310,294.270000,320.404301,304.570000,311.328393,294.270000,313.139417,297.360000,297.964281,294.270000,298.030327,294.910000,0.000000,294.270000,0.000000,0.000000,,
BGNE,157.720244,145.920000,159.004008,155.820000,154.112607,145.920000,154.876650,146.710000,150.501455,145.920000,150.973370,144.480000,0.000000,145.920000,0.000000,0.000000,,
BITA,14.572615,13.460000,14.657995,13.870000,14.234208,13.460000,14.333891,13.430000,13.668730,13.460000,13.691888,13.400000,0.000000,13.460000,0.000000,0.000000,,
BOEING,279.109246,189.170000,288.010945,230.830000,251.414276,189.170000,257.965986,200.230000,213.157960,189.170000,215.706478,191.800000,204.300056,189.170000,206.431079,191.800000,,
BSTBY,78.141683,65.540000,79.651689,70.000000,73.363846,65.540000,74.287717,65.560000,67.058288,65.540000,67.242937,64.310000,0.000000,65.540000,0.000000,0.000000,,
BYND,100.659379,82.650000,102.972130,90.840000,93.597274,82.650000,94.637183,84.050000,86.599519,82.650000,87.024326,81.840000,84.873555,82.650000,85.314978,81.840000,,
BZUN,31.629576,30.110000,31.754073,30.640000,31.313524,30.110000,31.389267,30.190000,30.391203,30.110000,30.426018,30.020000,0.000000,30.110000,0.000000,0.000000,,
CATER,123.136302,101.030000,125.371490,106.030000,116.095054,101.030000,117.904742,102.890000,103.037210,101.030000,103.192094,100.620000,0.000000,101.030000,0.000000,0.000000,,
CBPO,115.632683,115.930000,115.686757,115.920000,115.401575,115.930000,115.405539,115.930000,115.674280,115.930000,115.595991,115.660000,0.000000,115.930000,0.000000,0.000000,,
CHEVRON,95.729830,83.300000,97.410095,84.670000,90.756345,83.300000,91.724216,83.010000,83.088269,83.300000,83.057909,82.350000,0.000000,83.300000,0.000000,0.000000,,
CHNPETRO,51.256911,48.350000,51.585675,49.990000,49.986275,48.350000,50.256119,48.540000,48.823305,48.350000,48.816294,48.170000,0.000000,48.350000,0.000000,0.000000,,
CISCO,41.106000,37.100000,41.675067,40.020000,39.464602,37.100000,39.691776,37.710000,38.329343,37.100000,38.420747,36.640000,0.000000,37.100000,0.000000,0.000000,,
CITI,64.916439,50.790000,66.567348,55.450000,59.742483,50.790000,60.850143,52.420000,52.709586,50.790000,52.828087,50.470000,0.000000,50.790000,0.000000,0.000000,,
CITRIX,111.312123,114.880000,111.364639,114.510000,113.174765,114.880000,112.546004,115.420000,113.840697,114.880000,113.715976,115.430000,114.415987,114.880000,114.228715,115.430000,,
CNHI,8.939045,7.490000,9.039996,8.110000,8.624709,7.490000,8.746259,7.630000,7.797907,7.490000,7.833736,7.430000,0.000000,7.490000,0.000000,0.000000,,
COKE,56.057762,52.200000,56.535200,53.560000,54.908591,52.200000,55.216027,52.080000,52.141659,52.200000,52.137323,51.590000,52.023706,52.200000,52.065522,51.590000,,
CSIQ,20.752913,17.930000,21.099412,18.160000,19.714944,17.930000,19.949589,17.860000,17.810005,17.930000,17.811008,17.640000,0.000000,17.930000,0.000000,0.000000,,
CTRP,30.179371,27.580000,30.508452,28.990000,29.197040,27.580000,29.391523,27.850000,28.041414,27.580000,28.044314,27.510000,0.000000,27.580000,0.000000,0.000000,,
DELL,43.065624,36.900000,44.038541,39.040000,39.822612,36.900000,40.247657,37.810000,37.431404,36.900000,37.396299,37.110000,0.000000,36.900000,0.000000,0.000000,,
DISNEY,119.714273,105.680000,121.915649,111.340000,112.389900,105.680000,113.311194,105.710000,106.238269,105.680000,106.270576,103.330000,105.358017,105.680000,105.563224,103.330000,,
EBAY,36.425584,34.960000,36.569817,35.900000,36.412220,34.960000,36.525108,35.210000,35.332987,34.960000,35.375849,34.580000,0.000000,34.960000,0.000000,0.000000,,
EXPE,98.084015,76.840000,100.740288,86.280000,89.986064,76.840000,91.355157,77.600000,81.896026,76.840000,82.518436,75.920000,0.000000,76.840000,0.000000,0.000000,,
EXXM,51.064851,42.210000,52.181459,43.630000,47.291585,42.210000,48.044220,42.400000,42.442419,42.210000,42.463387,41.990000,0.000000,42.210000,0.000000,0.000000,,
FACEBOOK,190.421376,170.830000,192.979593,177.990000,180.900230,170.830000,182.369988,171.100000,172.553248,170.830000,172.675214,168.220000,0.000000,170.830000,0.000000,0.000000,,
FERRARI,157.089230,143.020000,158.991922,145.630000,150.709345,143.020000,151.931749,142.940000,143.726700,143.020000,143.685380,141.320000,0.000000,143.020000,0.000000,0.000000,,
FSOLAR,45.513951,37.380000,46.565531,41.030000,42.602296,37.380000,43.132548,37.450000,39.060417,37.380000,39.259917,36.870000,0.000000,37.380000,0.000000,0.000000,,
FVRR,31.436655,27.160000,31.699316,29.420000,30.479496,27.160000,30.851628,27.770000,28.242213,27.160000,28.313765,27.170000,0.000000,27.160000,0.000000,0.000000,,
GILD,73.355118,73.600000,72.983498,72.130000,74.936021,73.600000,74.942762,74.410000,72.564583,73.600000,72.389417,73.950000,0.000000,73.600000,0.000000,0.000000,,
GPRO,3.740059,3.300000,3.775082,3.640000,3.659431,3.300000,3.700536,3.330000,3.427760,3.300000,3.437863,3.300000,0.000000,3.300000,0.000000,0.000000,,
GOOGLE,1352.155338,1219.720000,1369.011474,1276.270000,1297.104060,1219.720000,1307.572017,1220.910000,1234.173311,1219.720000,1235.506635,1203.180000,0.000000,1219.720000,0.000000,0.000000,,
GWPH,104.132479,87.000000,106.736137,94.470000,95.881659,87.000000,97.022656,87.930000,89.217006,87.000000,89.292476,84.970000,88.961981,87.000000,89.336773,84.970000,,
HALLIB,15.745016,7.830000,16.660689,8.630000,12.310635,7.830000,12.960889,8.080000,8.178312,7.830000,8.203637,7.820000,0.000000,7.830000,0.000000,0.000000,,
HDEP,229.974163,213.970000,231.850161,225.150000,225.773094,213.970000,226.876999,215.640000,216.616313,213.970000,216.555172,211.640000,0.000000,213.970000,0.000000,0.000000,,
HPACK,21.416944,19.360000,21.650722,19.790000,20.558913,19.360000,20.700145,19.120000,19.147815,19.360000,19.141942,19.100000,0.000000,19.360000,0.000000,0.000000,,
HTHT,33.621731,30.420000,33.914090,32.110000,32.949937,30.420000,33.159911,30.350000,31.298999,30.420000,31.459599,30.100000,0.000000,30.420000,0.000000,0.000000,,
INTEL,57.502835,51.810000,58.346969,53.730000,54.954131,51.810000,55.350784,52.400000,52.099552,51.810000,52.061039,51.380000,0.000000,51.810000,0.000000,0.000000,,
LEVI,17.856811,15.530000,18.116203,16.690000,17.280991,15.530000,17.466055,15.950000,16.263035,15.530000,16.334583,15.500000,0.000000,15.530000,0.000000,0.000000,,
LINE,49.356093,50.350000,49.197530,50.320000,50.197776,50.350000,50.111220,50.330000,50.575268,50.350000,50.623708,50.510000,0.000000,50.350000,0.000000,0.000000,,
LYFT,38.082718,28.680000,39.128805,32.750000,35.278815,28.680000,35.929340,28.500000,30.580163,28.680000,30.867895,27.650000,0.000000,28.680000,0.000000,0.000000,,
MCARD,296.872949,271.030000,301.017129,279.370000,284.259509,271.030000,286.279646,266.780000,269.394702,271.030000,269.270250,266.340000,0.000000,271.030000,0.000000,0.000000,,
MCDON,202.323697,188.710000,204.125176,199.590000,196.363842,188.710000,197.220045,190.230000,191.568667,188.710000,191.593134,186.680000,0.000000,188.710000,0.000000,0.000000,,
MACYS,12.850031,9.500000,13.297377,10.350000,11.333840,9.500000,11.576709,9.450000,9.878204,9.500000,9.940819,9.480000,0.000000,9.500000,0.000000,0.000000,,
MERCKUS,80.502209,79.560000,80.631759,81.900000,80.770333,79.560000,80.783466,79.650000,79.494262,79.560000,79.440300,78.730000,0.000000,79.560000,0.000000,0.000000,,
MICRON,52.254596,43.750000,53.034435,47.850000,50.385132,43.750000,51.058519,44.410000,45.592026,43.750000,45.782503,43.350000,0.000000,43.750000,0.000000,0.000000,,
MOMO,28.253725,26.000000,28.511548,26.920000,27.625321,26.000000,27.764783,26.070000,26.399517,26.000000,26.462657,25.700000,0.000000,26.000000,0.000000,0.000000,,
MORSTAN,45.018593,36.900000,46.079363,39.460000,41.397810,36.900000,42.008267,37.780000,37.970173,36.900000,38.030909,36.750000,0.000000,36.900000,0.000000,0.000000,,
MSFT,166.081821,153.700000,167.707216,159.830000,161.485741,153.700000,162.440371,154.080000,155.242641,153.700000,155.311031,152.230000,154.566405,153.700000,154.818634,152.230000,,
MYLAN,17.508478,14.500000,17.980535,15.110000,15.576916,14.500000,15.771682,14.450000,14.532166,14.500000,14.523699,14.380000,0.000000,14.500000,0.000000,0.000000,,
NETFLIX,370.542110,350.240000,371.909287,363.220000,365.800122,350.240000,367.604170,354.350000,354.281532,350.240000,354.306479,346.290000,354.597688,350.240000,355.100429,346.290000,,
NIKE,91.394785,84.270000,92.378366,88.140000,88.287354,84.270000,88.836963,83.150000,84.406808,84.270000,84.431531,83.520000,0.000000,84.270000,0.000000,0.000000,,
NOKIA,3.800516,3.130000,3.865389,3.330000,3.548899,3.130000,3.601459,3.150000,3.231108,3.130000,3.245551,3.080000,0.000000,3.130000,0.000000,0.000000,,
NTES,330.485199,324.780000,331.929611,323.810000,328.763613,324.780000,328.641058,324.070000,323.642066,324.780000,323.589226,321.460000,0.000000,324.780000,0.000000,0.000000,,
NVIDIA,268.536680,246.870000,270.805018,259.710000,264.135268,246.870000,265.842042,250.710000,251.844707,246.870000,252.081923,244.540000,0.000000,246.870000,0.000000,0.000000,,
ORACLE,49.975971,44.870000,50.565026,48.540000,47.976721,44.870000,48.301742,45.810000,46.545941,44.870000,46.670651,44.370000,0.000000,44.870000,0.000000,0.000000,,
PAYCHEX,80.531561,74.880000,81.474185,76.560000,77.496536,74.880000,77.940817,74.850000,74.361929,74.880000,74.248367,73.730000,0.000000,74.880000,0.000000,0.000000,,
PAYPAL,111.036431,104.290000,111.918671,109.410000,109.243707,104.290000,109.724189,105.120000,105.866349,104.290000,105.871888,103.110000,0.000000,104.290000,0.000000,0.000000,,
PCLN,1689.362722,1445.000000,1717.445144,1556.450000,1609.756648,1445.000000,1627.231640,1473.080000,1503.071737,1445.000000,1509.290765,1425.060000,0.000000,1445.000000,0.000000,0.000000,,
PENNEY,0.652785,0.500000,0.666232,0.560000,0.603039,0.500000,0.614588,0.510000,0.546439,0.500000,0.552014,0.500000,0.000000,0.500000,0.000000,0.000000,,
PEPSI,137.948710,130.140000,138.893861,134.200000,135.405768,130.140000,135.912408,130.880000,130.470005,130.140000,130.425341,128.790000,0.000000,130.140000,0.000000,0.000000,,
PETRO,11.563625,6.910000,12.026409,8.040000,10.045662,6.910000,10.447260,7.200000,7.467691,6.910000,7.521100,6.660000,0.000000,6.910000,0.000000,0.000000,,
PINS,19.556678,15.450000,20.030349,16.650000,18.022765,15.450000,18.334537,15.500000,16.011516,15.450000,16.089456,15.070000,0.000000,15.450000,0.000000,0.000000,,
PFIZER,34.692024,32.280000,34.856834,34.550000,34.573678,32.280000,34.728816,32.600000,33.268332,32.280000,33.370665,31.900000,0.000000,32.280000,0.000000,0.000000,,
PUMP,7.934737,3.750000,8.369632,3.750000,6.381389,3.750000,6.750611,4.000000,3.746758,3.750000,3.757128,3.770000,0.000000,3.750000,0.000000,0.000000,,
RANDG,20.358135,18.760000,20.490723,19.810000,20.351862,18.760000,20.444939,19.070000,19.363622,18.760000,19.431070,18.610000,0.000000,18.760000,0.000000,0.000000,,
RLAUREN,105.440762,90.730000,106.873400,98.940000,102.212916,90.730000,103.339749,91.400000,94.484513,90.730000,94.818318,90.930000,0.000000,90.730000,0.000000,0.000000,,
SEAGATE,49.869502,45.500000,50.376636,47.770000,48.453675,45.500000,48.784811,45.610000,45.870749,45.500000,45.883716,44.760000,0.000000,45.500000,0.000000,0.000000,,
SHINHAN,27.190376,25.120000,27.484859,25.560000,26.240517,25.120000,26.404724,25.280000,25.191889,25.120000,25.169312,24.950000,0.000000,25.120000,0.000000,0.000000,,
SCHEIN,61.579017,57.670000,62.338290,57.800000,58.524903,57.670000,58.850197,57.680000,56.868577,57.670000,56.721341,57.150000,0.000000,57.670000,0.000000,0.000000,,
SNAP,146.255137,129.660000,148.147191,140.180000,140.250544,129.660000,141.431761,131.810000,134.075475,129.660000,134.356998,129.220000,0.000000,129.660000,0.000000,0.000000,,
SNAPCHAT,14.163793,10.810000,14.570644,11.850000,12.737556,10.810000,12.965579,10.880000,11.230930,10.810000,11.274636,10.700000,0.000000,10.810000,0.000000,0.000000,,
SONY,62.987694,57.850000,63.497771,60.340000,61.796569,57.850000,62.206864,58.150000,59.020774,57.850000,59.145417,57.530000,0.000000,57.850000,0.000000,0.000000,,
STARBUCKS,79.008450,68.550000,80.200497,74.740000,75.180930,68.550000,75.955302,69.940000,71.409287,68.550000,71.601335,68.200000,0.000000,68.550000,0.000000,0.000000,,
STRCYC,60.889703,51.590000,61.721917,55.460000,58.696958,51.590000,59.477741,51.820000,53.321481,51.590000,53.546073,51.100000,0.000000,51.590000,0.000000,0.000000,,
SURGICAL,557.406897,510.900000,562.650656,536.530000,545.305701,510.900000,548.782648,511.740000,515.962507,510.900000,516.207844,506.770000,512.379701,510.900000,513.329581,506.770000,,
TARGET,108.299859,105.370000,109.050470,108.600000,106.136494,105.370000,106.199425,104.680000,105.930882,105.370000,105.961234,104.010000,105.401856,105.370000,105.574265,104.010000,,
TEVA,11.432459,9.040000,11.719443,9.320000,10.244353,9.040000,10.435428,9.140000,9.089147,9.040000,9.081805,9.040000,0.000000,9.040000,0.000000,0.000000,,
TOYOTA,131.156120,122.920000,132.145568,126.870000,127.512646,122.920000,128.127705,124.060000,124.424059,122.920000,124.479682,122.960000,0.000000,122.920000,0.000000,0.000000,,
TLRY,13.282480,7.100000,14.047472,7.830000,10.306281,7.100000,10.805127,7.330000,7.693391,7.100000,7.752414,7.100000,0.000000,7.100000,0.000000,0.000000,,
TWLO,107.968092,87.120000,110.288996,92.310000,99.842278,87.120000,101.379522,87.460000,89.809001,87.120000,90.205601,85.960000,88.363447,87.120000,88.723159,85.960000,,
TVIX,123.937501,271.220000,109.366168,216.980000,177.940649,271.220000,165.803575,260.760000,249.022541,271.220000,246.874891,275.330000,258.618166,271.220000,256.256099,275.330000,,
TSLA,731.437798,633.490000,747.035918,643.750000,688.393488,633.490000,696.342883,633.870000,632.203598,633.490000,631.709037,627.430000,632.919616,633.490000,633.556129,627.430000,,
TWITTER,34.664454,31.330000,35.019569,34.170000,34.001493,31.330000,34.243090,31.370000,32.696183,31.330000,32.872656,30.800000,31.805550,31.330000,31.980104,30.800000,,
TRIP,23.392173,18.240000,24.053376,19.600000,21.428391,18.240000,21.811081,18.500000,19.066273,18.240000,19.192449,18.180000,18.570947,18.240000,18.631326,18.180000,,
TRVG,1.855480,1.540000,1.913005,1.500000,1.660171,1.540000,1.682239,1.560000,1.509975,1.540000,1.503298,1.520000,1.515266,1.540000,1.511705,1.520000,,
UBER,33.360122,26.200000,34.235838,28.830000,30.890043,26.200000,31.397060,26.630000,27.502554,26.200000,27.644242,25.950000,26.908519,26.200000,27.050926,25.950000,,
USSTEEL,7.799571,5.950000,8.013733,6.610000,7.080586,5.950000,7.232821,6.040000,6.181945,5.950000,6.198057,5.900000,6.056700,5.950000,6.081713,5.900000,,
USFD,34.007936,26.380000,34.898110,30.150000,31.182937,26.380000,31.690112,28.060000,28.570756,26.380000,28.756059,26.390000,27.968747,26.380000,28.180246,26.390000,,
WFARGO,40.841705,32.390000,41.860388,34.970000,37.100554,32.390000,37.756109,33.070000,33.352479,32.390000,33.390471,32.200000,33.053255,32.390000,33.163224,32.200000,,
VISA,187.502979,173.790000,189.491504,181.530000,182.778650,173.790000,183.816444,173.690000,175.346263,173.790000,175.424768,171.590000,174.531831,173.790000,174.871230,171.590000,,
VMWARE,129.206536,106.030000,132.843816,113.580000,117.040119,106.030000,118.394833,107.820000,108.836717,106.030000,109.038070,104.970000,107.777991,106.030000,108.149521,104.970000,,
VERTEX,231.957986,220.690000,233.141180,230.240000,230.766240,220.690000,231.518736,223.160000,223.103903,220.690000,223.074798,220.090000,222.664546,220.690000,223.001364,220.090000,,
WMART,114.964756,114.640000,115.042325,119.640000,116.185808,114.640000,116.024798,115.490000,116.422461,114.640000,116.594446,114.050000,115.705370,114.640000,115.944185,114.050000,,
WYNN,105.274425,81.090000,108.404529,89.870000,93.984887,81.090000,95.836842,82.350000,85.023567,81.090000,85.267660,81.920000,83.849600,81.090000,84.273439,81.920000,,
XLNX,81.856239,73.830000,82.766402,77.290000,79.122931,73.830000,79.771104,74.600000,75.074788,73.830000,75.153370,73.210000,74.676437,73.830000,74.843345,73.210000,,
YIRENDAI,4.274147,4.180000,4.310473,4.240000,4.166447,4.180000,4.168026,4.200000,4.220287,4.180000,4.219734,4.170000,4.226782,4.180000,4.233162,4.170000,,
TADAWUL,7269.942102,6394.780000,7372.527276,6558.630000,6847.071432,6394.780000,6932.765338,6381.320000,6563.609377,6394.780000,6578.317462,6381.320000,6414.920449,6394.780000,6433.905629,6378.220000,,
ARAMCO,32.024508,29.130000,32.330978,29.680000,30.574590,29.130000,30.871093,29.230000,29.887963,29.130000,29.952815,29.230000,29.191118,29.130000,29.263232,28.930000,,
BTCEUR,7574.979644,5240.830000,7733.230835,6900.030000,6803.810285,5327.820000,6889.970399,6499.300000,6482.533513,5240.800000,6593.890252,5344.130000,2261.546385,5240.800000,1817.788605,5410.210000,,
BTCUSD,8465.163208,5897.510000,8624.259825,7769.320000,7687.491180,5989.560000,7788.818652,7308.420000,7313.771878,5897.430000,7440.823296,5987.440000,6965.703344,5897.340000,7080.446681,6041.530000,,
BCHBTC,0.036091,0.029650,0.036486,0.033800,0.033579,0.029390,0.033836,0.032490,0.032535,0.029650,0.032802,0.028950,0.031756,0.029650,0.032006,0.029120,,
DASHUSD,83.521653,50.680000,85.761782,70.977000,70.743393,50.967000,72.027117,61.918000,64.243346,50.680000,65.718951,48.780000,21.008369,50.680000,16.797500,50.721000,,
DASHEUR,74.740404,45.195000,76.896932,62.947000,62.557193,45.586000,63.641904,55.005000,56.952886,45.195000,58.240474,43.610000,18.815979,45.195000,15.053503,45.409000,,
ETHBTC,0.025565,0.023170,0.025719,0.024230,0.024709,0.023150,0.024870,0.022820,0.023487,0.023170,0.023595,0.022590,0.009460,0.023170,0.007547,0.022850,,
ETHEUR,194.289950,121.500000,199.266930,167.430000,168.400162,121.730000,171.615893,148.170000,152.359761,121.720000,155.669332,120.670000,51.714281,121.720000,41.491327,123.130000,,
ETHUSD,217.072834,136.500000,222.194300,188.430000,190.161281,138.130000,193.804793,166.690000,171.945722,136.500000,175.715011,135.890000,57.695333,136.520000,46.251633,137.950000,,
LTCBTC,0.006668,0.005520,0.006757,0.006100,0.006159,0.005580,0.006206,0.005750,0.005884,0.005530,0.005921,0.005580,0.002414,0.005530,0.001945,0.005590,,
LTCEUR,51.027748,29.220000,52.646514,42.340000,42.146376,29.730000,42.963926,37.570000,38.509380,29.200000,39.378465,29.810000,13.566028,29.210000,11.020272,30.360000,,
LTCUSD,57.059175,32.800000,58.751511,47.660000,47.627537,33.490000,48.576218,42.240000,43.379024,32.800000,44.374300,33.510000,15.275892,32.800000,12.414082,34.080000,,
XRPEUR,0.202398,0.138180,0.207118,0.182310,0.180299,0.139200,0.182798,0.166880,0.168472,0.138280,0.171574,0.135650,0.057827,0.138280,0.046285,0.139850,,
XRPUSD,0.226603,0.155540,0.231383,0.205160,0.204023,0.155530,0.207056,0.187480,0.190068,0.155530,0.193597,0.152350,0.064948,0.155530,0.051977,0.156880,,
XMREUR,56.457746,33.070000,58.303178,47.080000,46.785265,33.570000,47.624370,42.160000,43.031106,33.070000,43.985215,33.610000,14.652609,33.070000,11.824320,34.160000,,
XMRUSD,63.128819,36.960000,65.067347,53.090000,52.916584,37.700000,53.898885,47.600000,48.688120,36.960000,49.774367,37.620000,16.382148,36.960000,13.220340,38.220000,,
XAUEUR.,1471.579095,1432.980000,1476.245066,1450.790000,1458.065755,1437.800000,1459.524391,1453.140000,1450.544522,1432.810000,1451.592997,1454.120000,1452.523262,1433.070000,1453.142234,1438.960000,,
XAUUSD.,1636.924039,1615.120000,1637.077988,1634.970000,1649.315594,1615.120000,1652.206832,1634.000000,1636.741612,1615.120000,1638.151923,1634.140000,1635.728522,1615.120000,1636.950931,1613.940000,,
XTIUSD.,43.735277,31.250000,45.143055,33.370000,33.573924,31.250000,33.726827,31.640000,31.965495,31.250000,32.094693,31.390000,31.619016,31.250000,31.660623,31.360000,,
XAGUSD.,17.274181,16.118000,17.409819,16.757000,16.844105,16.120000,16.893847,16.665000,16.626021,16.119000,16.661330,16.517000,16.600533,16.119000,16.627447,16.218000,,
AEX-MAR20,540.053319,448.700000,550.008980,477.050000,490.250597,453.670000,493.771169,459.750000,470.619989,448.520000,473.414984,454.350000,457.388964,448.520000,458.934883,454.100000,,
ASX-MAR20,6243.132352,5184.000000,6353.385293,5521.000000,5640.797583,5205.000000,5687.199949,5244.000000,5336.231109,5184.000000,5362.106886,5229.500000,5243.374947,5184.000000,5249.941592,5203.000000,,
CAC-MAR20.,5249.065530,4260.500000,5353.861743,4547.500000,4696.680081,4322.250000,4734.602113,4387.000000,4491.151754,4261.000000,4519.612455,4320.000000,4361.841505,4261.000000,4377.366440,4319.850000,,
DAX-MAR20.,11780.287477,9683.500000,12012.754802,10296.500000,10395.155436,9681.000000,10469.927611,9768.750000,9881.780147,9681.000000,9912.237205,9768.750000,9793.251108,9681.000000,9800.363218,9783.000000,,
DOW-MAR20.,25881.590754,22340.000000,26256.676390,23582.000000,23852.934325,22340.000000,23997.776722,22442.000000,22758.015471,22340.000000,22857.587993,22466.000000,22478.906093,22340.000000,22501.268530,22340.000000,,
FTSE-MAR20.,6549.987966,5495.000000,6659.240818,5820.000000,5936.833092,5538.230000,5973.884329,5545.500000,5601.459766,5495.250000,5621.293339,5544.000000,5551.611286,5495.240000,5555.256467,5542.000000,,
JSE-MAR20,46717.115718,40348.000000,47371.762005,43661.000000,44361.462409,40656.370000,44787.689372,41094.000000,42723.106064,40348.000000,43019.461157,40686.620000,41552.447337,40348.000000,41734.605605,40686.620000,,
MSCIS-MAR20,342.284891,300.470000,346.274181,316.500000,319.889736,302.150000,321.278630,308.100000,307.698536,300.470000,308.524617,301.850000,306.295976,300.470000,306.847700,301.850000,,
SPMIB-MAR20,21198.775928,16862.500000,21686.452966,17530.000000,18697.541458,17037.500000,19008.558041,16990.000000,17537.177046,16862.500000,17611.881197,16990.000000,17182.611395,16862.500000,17249.322620,17020.000000,,
NKY-JUN20,20804.638014,17717.500000,21137.743220,18995.000000,19072.003019,17817.370000,19173.983893,18065.000000,18335.944996,17717.500000,18413.585994,18002.370000,7485.187082,17717.500000,5999.327415,17899.870000,,
DJXX-MAR20,3295.781954,2681.000000,3362.194736,2857.000000,2949.321692,2729.000000,2972.450368,2759.000000,2822.632399,2679.000000,2840.118692,2724.000000,2742.753346,2679.000000,2752.421351,2718.000000,,
NSDQ-MAR20.,8576.311745,7600.000000,8680.120443,8006.250000,8028.056926,7600.000000,8066.322363,7636.750000,7708.993591,7600.000000,7732.745694,7600.000000,7636.918771,7600.000000,7642.857613,7600.000000,,
SP-MAR20.,2991.969423,2601.000000,3034.015859,2741.000000,2758.320125,2601.120000,2772.831508,2617.750000,2642.597689,2601.000000,2650.932098,2603.250000,2616.340607,2601.000000,2618.614850,2600.750000,,
TN10Y-MAR20,135.122195,136.266000,134.813773,133.172000,136.749895,136.328000,136.894152,136.109000,135.577385,136.266000,135.520273,136.281000,135.781631,136.266000,135.743750,133.172000,,
USNDX-MAR20,97.399682,96.734000,97.610054,96.525000,96.283047,97.056000,96.205199,96.790000,96.442464,96.734000,96.418850,96.790000,96.600199,96.734000,96.563879,97.013000,,
WHT-MAY20.,432.819528,502.750000,390.376506,512.500000,515.347543,502.620000,516.495227,503.250000,506.190285,502.750000,506.816400,503.250000,503.975582,502.750000,504.220148,503.120000,,
CORN-MAY20.,314.055054,368.500000,283.064576,374.500000,374.131500,368.500000,374.505099,369.250000,370.941884,368.500000,371.231305,369.250000,370.219465,368.500000,370.361584,368.250000,,
EBUND-JUN20,175.246944,177.080000,174.985056,176.630000,177.005248,176.820000,177.021680,177.070000,177.212102,177.090000,177.204943,177.070000,177.243389,177.080000,177.255745,176.850000,,
BRNT-MAY20.,47.786027,33.570000,49.333438,35.810000,36.108101,33.580000,36.355009,33.440000,34.243551,33.580000,34.392305,33.440000,33.800052,33.580000,33.846740,33.590000,,
SUG-MAY20.,13.614288,11.720000,13.830003,12.230000,12.584653,11.790000,12.688848,11.790000,12.283167,11.720000,12.339767,11.790000,12.115173,11.720000,12.166575,11.790000,,
CL-APR20.,43.647303,30.880000,45.076558,33.120000,33.287664,30.920000,33.449063,31.230000,31.600291,30.880000,31.734407,30.990000,31.239734,30.880000,31.282961,31.010000,,
COFF-MAR20.,110.481563,107.960000,110.271855,111.650000,110.186776,108.000000,110.190153,111.650000,111.921441,107.960000,112.329018,107.750000,110.425876,107.960000,110.839226,108.310000,,
COPP-MAR20.,2.557919,2.443000,2.565986,2.485000,2.511356,2.445500,2.517828,2.456000,2.466212,2.443000,2.468994,2.445500,2.458465,2.443000,2.459855,2.447400,,
NGAS-APR20.,1.804500,1.788000,1.809000,1.881000,1.882709,1.788000,1.885760,1.782000,1.809955,1.788000,1.815637,1.783000,1.794686,1.788000,1.795894,1.787000,
