"Symbol","InstrType","Comment","PriceIn","BaseFileName","LotSize","Ask","Bid","Slippage","Spread","SwapLong","SwapShort","Commission","RateToUSD","RateToEUR","RateToGBP","RateToJPY","SwapType","CommissionType","CommissionScope","CommissionTime","Digits","Point","Pip","IsFiveDigits","StopLevel","TickValue","MinLot","MaxLot","LotStep","MarginRequired","RSI_14_1D","RSI_14_30m","PrvsDyCls","minClose","5minClose","15minClose","RSI_14_4Hr","ATR14_D","Preious2MinClose","Preious3MinClose","Preious4MinClose","vwma"
EURUSD,0,"Currencies~!Major~!Euro vs US Dollar",USD,EURUSD,100000,1.12652000,1.12622000,0,30.00,0.000000,0.000000,0.000000,0.00000,0.00000,0.00000,0.00000,0,0,0,1,5,0.00001,0.00000,false,0.000000,0.000000,0.000000,0.000000,0.000000,0.00,61.786562,48.771358,1.125860,1.127460,1.120590,1.120590,44.137362,0.011576,1.125400,1.126140,1.120590,0.000000,,
GBPUSD,0,"Currencies~!Major~!Great Britain Pound vs US Dollar",USD,GBPUSD,100000,1.26888000,1.26848000,0,40.00,0.000000,0.000000,0.000000,0.00000,0.00000,0.00000,0.00000,0,0,0,1,5,0.00001,0.00000,false,0.000000,0.000000,0.000000,0.000000,0.000000,0.00,36.506789,25.877343,1.281680,1.268580,1.265790,1.265790,21.165260,0.013153,1.267050,1.268020,1.265790,0.000000,,
USDJPY,0,"Currencies~!Major~!US Dollar vs Japanese Yen",JPY,USDJPY,100000,103.93900000,103.90900000,0,30.00,0.000000,0.000000,0.000000,0.000,0.000,0.000,0.000,0,0,0,1,3,0.001,0.000,false,0.000000,0.000000,0.000000,0.000000,0.000000,0.00,34.167135,50.969106,104.431000,103.932000,104.122000,104.122000,46.348537,1.634857,104.028000,103.961000,104.122000,0.000000,,
EURUSD.,1,"Currencies~!Major~!Euro vs US Dollar",USD,EURUSD.,100000,1.12640000,1.12634000,0,6.00,0.000000,0.000000,0.000000,0.00000,0.00000,0.00000,0.00000,0,0,0,1,5,0.00001,0.00000,false,0.000000,0.000000,0.000000,0.000000,0.000000,0.00,61.901591,48.749015,1.125900,1.127590,1.120570,1.120570,44.140392,0.011647,1.125540,1.126280,1.120570,0.000000,,
GBPUSD.,1,"Currencies~!Major~!Great Britain Pound vs US Dollar",USD,GBPUSD.,100000,1.26876000,1.26860000,0,16.00,0.000000,0.000000,0.000000,0.00000,0.00000,0.00000,0.00000,0,0,0,1,5,0.00001,0.00000,false,0.000000,0.000000,0.000000,0.000000,0.000000,0.00,36.511530,25.801725,1.281050,1.268770,1.265790,1.265790,20.910764,0.013252,1.267240,1.268100,1.265790,0.000000,,
USDJPY.,1,"Currencies~!Major~!US Dollar vs Japanese Yen",JPY,USDJPY.,100000,103.92400000,103.92300000,0,1.00,0.000000,0.000000,0.000000,0.000,0.000,0.000,0.000,0,0,0,1,3,0.001,0.000,false,0.000000,0.000000,0.000000,0.000000,0.000000,0.00,34.125187,51.056339,104.421000,103.946000,104.126000,104.126000,46.424913,1.636786,104.042000,103.975000,104.126000,0.000000,,
AUDJPY.,1,"Currencies~!Australian~!Australian Dollar vs Japanese Yen",JPY,AUDJPY.,100000,66.14200000,66.14100000,0,1.00,0.000000,0.000000,0.000000,0.000,0.000,0.000,0.000,0,0,0,1,3,0.001,0.000,false,0.000000,0.000000,0.000000,0.000000,0.000000,0.00,23.315698,25.779400,67.742000,66.176000,66.263000,66.263000,26.299011,1.597000,66.253000,66.227000,66.263000,0.000000,,
AUDUSD.,1,"Currencies~!Major~!Australian Dollar vs US Dollar",USD,AUDUSD.,100000,0.63645000,0.63644000,0,1.00,0.000000,0.000000,0.000000,0.00000,0.00000,0.00000,0.00000,0,0,0,1,5,0.00001,0.00000,false,0.000000,0.000000,0.000000,0.000000,0.000000,0.00,24.976831,18.468059,0.648800,0.636600,0.636390,0.636390,17.141144,0.010483,0.636820,0.636980,0.636390,0.000000,,
EURCHF.,1,"Currencies~!Major~!Euro vs Swiss Franc",CHF,EURCHF.,100000,1.05676000,1.05675000,0,1.00,0.000000,0.000000,0.000000,0.00000,0.00000,0.00000,0.00000,0,0,0,1,5,0.00001,0.00000,false,0.000000,0.000000,0.000000,0.000000,0.000000,0.00,32.907034,58.010663,1.057300,1.057170,1.055260,1.055260,49.066063,0.005784,1.057120,1.057070,1.055260,0.000000,,
EURGBP.,1,"Currencies~!Major~!Euro vs Great Britain Pound ",GBP,EURGBP.,100000,0.88795000,0.88775000,0,20.00,0.000000,0.000000,0.000000,0.00000,0.00000,0.00000,0.00000,0,0,0,1,5,0.00001,0.00000,false,0.000000,0.000000,0.000000,0.000000,0.000000,0.00,75.924576,73.817276,0.877920,0.888740,0.884770,0.884770,72.457104,0.009344,0.888140,0.888130,0.884770,0.000000,,
EURJPY.,1,"Currencies~!Major~!Euro vs Japanese Yen",JPY,EURJPY.,100000,117.05700000,117.05600000,0,1.00,0.000000,0.000000,0.000000,0.000,0.000,0.000,0.000,0,0,0,1,3,0.001,0.000,false,0.000000,0.000000,0.000000,0.000000,0.000000,0.00,37.393617,49.699500,117.579000,117.213000,116.669000,116.669000,42.979460,1.501000,117.100000,117.125000,116.669000,0.000000,,
NZDUSD.,1,"Currencies~!Australian~!New Zealand Dollar vs US Dollar",USD,NZDUSD.,100000,0.61906000,0.61905000,0,1.00,0.000000,0.000000,0.000000,0.00000,0.00000,0.00000,0.00000,0,0,0,1,5,0.00001,0.00000,false,0.000000,0.000000,0.000000,0.000000,0.000000,0.00,30.612080,24.844147,0.627110,0.619210,0.618810,0.618810,23.843629,0.009621,0.619290,0.619630,0.618810,0.000000,,
USDCAD.,1,"Currencies~!Major~!US Dollar vs Canadian Dollar",CAD,USDCAD.,100000,1.38220000,1.38218000,0,2.00,0.000000,0.000000,0.000000,0.00000,0.00000,0.00000,0.00000,0,0,0,1,5,0.00001,0.00000,false,0.000000,0.000000,0.000000,0.000000,0.000000,0.00,84.158696,63.021734,1.377760,1.382030,1.383580,1.383580,66.774914,0.010670,1.383310,1.381900,1.383580,0.000000,,
USDCHF.,1,"Currencies~!Major~!US Dollar vs Swiss Franc",CHF,USDCHF.,100000,0.93821000,0.93820000,0,1.00,0.000000,0.000000,0.000000,0.00000,0.00000,0.00000,0.00000,0,0,0,1,5,0.00001,0.00000,false,0.000000,0.000000,0.000000,0.000000,0.000000,0.00,31.296593,54.015529,0.938780,0.937590,0.941690,0.941690,55.800796,0.009686,0.939200,0.938580,0.941690,0.000000,,
AUDCAD.,1,"Currencies~!Australian~!Australian Dollar vs Canadian Dollar",CAD,AUDCAD.,100000,0.87973000,0.87966000,0,7.00,0.000000,0.000000,0.000000,0.00000,0.00000,0.00000,0.00000,0,0,0,1,5,0.00001,0.00000,false,0.000000,0.000000,0.000000,0.000000,0.000000,0.00,44.216065,18.673262,0.893730,0.879710,0.880350,0.880350,18.446223,0.012002,0.880950,0.880250,0.880350,0.000000,,
AUDCHF.,1,"Currencies~!Australian~!Australian Dollar vs Swiss Franc",CHF,AUDCHF.,100000,0.59719000,0.59711000,0,8.00,0.000000,0.000000,0.000000,0.00000,0.00000,0.00000,0.00000,0,0,0,1,5,0.00001,0.00000,false,0.000000,0.000000,0.000000,0.000000,0.000000,0.00,15.580317,24.920052,0.608970,0.596740,0.599160,0.599160,23.614074,0.011218,0.598100,0.597900,0.599160,0.000000,,
CADCHF.,1,"Currencies~!Minor~!Canadian Dollar vs Swiss Franc",CHF,CADCHF.,100000,0.67880000,0.67880000,0,0.00,0.000000,0.000000,0.000000,0.00000,0.00000,0.00000,0.00000,0,0,0,1,5,0.00001,0.00000,false,0.000000,0.000000,0.000000,0.000000,0.000000,0.00,20.257443,45.166032,0.681010,0.678200,0.680240,0.680240,45.804204,0.010054,0.678930,0.679090,0.680240,0.000000,,
CADJPY.,1,"Currencies~!Minor~!Canadian Dollar vs Japanese Yen",JPY,CADJPY.,100000,75.18900000,75.18200000,0,7.00,0.000000,0.000000,0.000000,0.000,0.000,0.000,0.000,0,0,0,1,3,0.001,0.000,false,0.000000,0.000000,0.000000,0.000000,0.000000,0.00,27.212214,43.566712,75.742000,75.209000,75.241000,75.241000,41.382672,1.507071,75.199000,75.244000,75.241000,0.000000,,
CHFJPY.,1,"Currencies~!Minor~!Swiss Frank vs Japanese Yen",JPY,CHFJPY.,100000,110.77200000,110.77200000,0,0.00,0.000000,0.000000,0.000000,0.000,0.000,0.000,0.000,0,0,0,1,3,0.001,0.000,false,0.000000,0.000000,0.000000,0.000000,0.000000,0.00,41.009224,47.931557,111.147000,110.868000,110.480000,110.480000,42.042552,1.290857,110.771000,110.777000,110.480000,0.000000,,
EURAUD.,1,"Currencies~!Australian~!FX:Euro vs Australian Dollar",AUD,EURAUD.,100000,1.76978000,1.76978000,0,0.00,0.000000,0.000000,0.000000,0.00000,0.00000,0.00000,0.00000,0,0,0,1,5,0.00001,0.00000,false,0.000000,0.000000,0.000000,0.000000,0.000000,0.00,82.084598,76.672955,1.734760,1.771040,1.760820,1.760820,76.576212,0.029532,1.767370,1.768520,1.760820,0.000000,,
EURCAD.,1,"Currencies~!Minor~!Euro vs Canadian Dollar",CAD,EURCAD.,100000,1.55710000,1.55664000,0,46.00,0.000000,0.000000,0.000000,0.00000,0.00000,0.00000,0.00000,0,0,0,1,5,0.00001,0.00000,false,0.000000,0.000000,0.000000,0.000000,0.000000,0.00,78.633599,57.596027,1.551210,1.558360,1.550150,1.550150,54.217741,0.020299,1.556980,1.556350,1.550150,0.000000,,
GBPCHF.,1,"Currencies~!Minor~!Great Britain Pound vs Swiss Franc",CHF,GBPCHF.,100000,1.19025000,1.19025000,0,0.00,0.000000,0.000000,0.000000,0.00000,0.00000,0.00000,0.00000,0,0,0,1,5,0.00001,0.00000,false,0.000000,0.000000,0.000000,0.000000,0.000000,0.00,19.139854,26.502142,1.203180,1.189310,1.191810,1.191810,25.722903,0.013794,1.190260,1.190410,1.191810,0.000000,,
GBPJPY.,1,"Currencies~!Minor~!Great Britain Pound vs Japanese Yen",JPY,GBPJPY.,100000,131.84600000,131.83700000,0,9.00,0.000000,0.000000,0.000000,0.000,0.000,0.000,0.000,0,0,0,1,3,0.001,0.000,false,0.000000,0.000000,0.000000,0.000000,0.000000,0.00,25.102085,32.682506,133.821000,131.875000,131.804000,131.804000,28.272703,2.123071,131.846000,131.858000,131.804000,0.000000,,
NZDCAD.,1,"Currencies~!Australian~!New Zealand Dollar vs Canadian Dollar",CAD,NZDCAD.,100000,0.85564000,0.85562000,0,2.00,0.000000,0.000000,0.000000,0.00000,0.00000,0.00000,0.00000,0,0,0,1,5,0.00001,0.00000,false,0.000000,0.000000,0.000000,0.000000,0.000000,0.00,53.224707,0.000000,0.864050,0.855750,0.855940,0.855940,29.919182,0.011593,0.856750,0.856250,0.855940,0.000000,,
NZDCHF.,1,"Currencies~!Australian~!New Zealand Dollar vs Swiss Franc",CHF,NZDCHF.,100000,0.58097000,0.58073000,0,24.00,0.000000,0.000000,0.000000,0.00000,0.00000,0.00000,0.00000,0,0,0,1,5,0.00001,0.00000,false,0.000000,0.000000,0.000000,0.000000,0.000000,0.00,18.659189,30.942692,0.588770,0.580490,0.582580,0.582580,31.017915,0.009664,0.581660,0.581530,0.582580,0.000000,,
NZDJPY.,1,"Currencies~!Australian~!New Zealand Dollar vs Japanese Yen",JPY,NZDJPY.,100000,64.33100000,64.33100000,0,0.00,0.000000,0.000000,0.000000,0.000,0.000,0.000,0.000,0,0,0,1,3,0.001,0.000,false,0.000000,0.000000,0.000000,0.000000,0.000000,0.00,25.974713,31.523596,65.484000,64.370000,64.430000,64.430000,29.681723,1.407643,64.436000,64.403000,64.430000,0.000000,,
USDHKD.,1,"Currencies~!Minor~!US Dollar vs Hong Kong Dollar",HKD,USDHKD.,100000,7.78175000,7.78050000,0,125.00,0.000000,0.000000,0.000000,0.00000,0.00000,0.00000,0.00000,0,0,0,1,5,0.00001,0.00000,false,0.000000,0.000000,0.000000,0.000000,0.000000,0.00,55.624397,82.953770,7.767340,7.780500,7.780510,7.780510,81.463833,0.009514,7.780310,7.780510,7.780510,0.000000,,
USDSGD.,1,"Currencies~!Minor~!US Dollar vs Singaporean Dollar",SGD,USDSGD.,100000,1.40497000,1.40467000,0,30.00,0.000000,0.000000,0.000000,0.00000,0.00000,0.00000,0.00000,0,0,0,1,5,0.00001,0.00000,false,0.000000,0.000000,0.000000,0.000000,0.000000,0.00,69.839475,75.160721,1.393700,1.404700,1.405770,1.405770,80.970873,0.007050,1.405290,1.404770,1.405770,0.000000,,
AUDNZD.,1,"Currencies~!Australian~!Australian Dollar vs New Zealand Dollar",NZD,AUDNZD.,100000,1.02837000,1.02784000,0,53.00,0.000000,0.000000,0.000000,0.00000,0.00000,0.00000,0.00000,0,0,0,1,5,0.00001,0.00000,false,0.000000,0.000000,0.000000,0.000000,0.000000,0.00,32.212161,36.933166,1.034210,1.027600,1.027710,1.027710,27.499620,0.007316,1.027650,1.027790,1.027710,0.000000,,
EURBRL.,1,"Currencies~!Exotic~!Euro vs Brazilian Real",BRL,EURBRL.,100000,5.41609000,5.41371000,0,238.00,0.000000,0.000000,0.000000,0.00000,0.00000,0.00000,0.00000,0,0,0,1,5,0.00001,0.00000,false,0.000000,0.000000,0.000000,0.000000,0.000000,0.00,75.431498,74.375697,5.357610,5.357610,5.357610,5.357610,66.410522,0.096554,5.348010,5.350610,5.346410,0.000000,,
EURDKK.,1,"Currencies~!Scandinavians~!Euro vs Danish Krone",DKK,EURDKK.,100000,7.47328000,7.47225000,0,103.00,0.000000,0.000000,0.000000,0.00000,0.00000,0.00000,0.00000,0,0,0,1,5,0.00001,0.00000,false,0.000000,0.000000,0.000000,0.000000,0.000000,0.00,53.771997,57.614251,7.471570,7.472240,7.472330,7.472330,55.753091,0.004134,7.472150,7.472150,7.472330,0.000000,,
EURNZD.,1,"Currencies~!Australian~!Euro vs New Zealand Dollar",NZD,EURNZD.,100000,1.81958000,1.81956000,0,2.00,0.000000,0.000000,0.000000,0.00000,0.00000,0.00000,0.00000,0,0,0,1,5,0.00001,0.00000,false,0.000000,0.000000,0.000000,0.000000,0.000000,0.00,76.609890,70.958547,1.794180,1.820110,1.809750,1.809750,68.703392,0.027978,1.816810,1.818110,1.809750,0.000000,,
EURTRY.,1,"Currencies~!Exotic~!Euro vs Turkish Lira",TRY,EURTRY.,100000,7.05669000,7.05216000,0,453.00,0.000000,0.000000,0.000000,0.00000,0.00000,0.00000,0.00000,0,0,0,1,5,0.00001,0.00000,false,0.000000,0.000000,0.000000,0.000000,0.000000,0.00,74.046237,61.935856,6.995950,7.058760,7.014350,7.014350,61.192870,0.106531,7.044750,7.045920,7.014350,0.000000,,
GBPAUD.,1,"Currencies~!Australian~!Great Britain Pound vs Australian Dolla",AUD,GBPAUD.,100000,1.99337000,1.99330000,0,7.00,0.000000,0.000000,0.000000,0.00000,0.00000,0.00000,0.00000,0,0,0,1,5,0.00001,0.00000,false,0.000000,0.000000,0.000000,0.000000,0.000000,0.00,65.165480,66.564317,1.974130,1.992700,1.988500,1.988500,64.292453,0.028398,1.990000,1.990630,1.988500,0.000000,,
GBPCAD.,1,"Currencies~!Minor~!Great Britain Pound vs Canadian Dollar",CAD,GBPCAD.,100000,1.75403000,1.75311000,0,92.00,0.000000,0.000000,0.000000,0.00000,0.00000,0.00000,0.00000,0,0,0,1,5,0.00001,0.00000,false,0.000000,0.000000,0.000000,0.000000,0.000000,0.00,56.025011,31.868665,1.765170,1.753380,1.750910,1.750910,33.295326,0.021512,1.752880,1.752610,1.750910,0.000000,,
GBPNZD.,1,"Currencies~!Australian~!Great Britan Pound vs New Zealand Dolla",NZD,GBPNZD.,100000,2.04952000,2.04937000,0,15.00,0.000000,0.000000,0.000000,0.00000,0.00000,0.00000,0.00000,0,0,0,1,5,0.00001,0.00000,false,0.000000,0.000000,0.000000,0.000000,0.000000,0.00,55.160097,56.198316,2.042120,2.048200,2.043850,2.043850,52.939565,0.029451,2.045820,2.046660,2.043850,0.000000,,
NZDAUD.,1,"Currencies~!Australian~!Australian Dollar vs New Zealand Dollar",AUD,NZDAUD.,100000,0.97294000,0.97225000,0,69.00,0.000000,0.000000,0.000000,0.00000,0.00000,0.00000,0.00000,0,0,0,1,5,0.00001,0.00000,false,0.000000,0.000000,0.000000,0.000000,0.000000,0.00,68.528324,0.000000,0.966110,0.972320,0.971860,0.971860,71.152070,0.007204,0.972110,0.971980,0.971860,0.000000,,
USDBRL.,1,"Currencies~!Exotic~!US Dollar vs Brazilian Real",BRL,USDBRL.,100000,4.93440000,4.93440000,0,0.00,0.000000,0.000000,0.000000,0.00000,0.00000,0.00000,0.00000,0,0,0,1,5,0.00001,0.00000,false,0.000000,0.000000,0.000000,0.000000,0.000000,0.00,81.510813,89.790966,4.754010,4.929710,4.928110,4.928110,83.171847,0.083157,4.928110,4.927910,4.964310,0.000000,,
USDCNH.,1,"Currencies~!Minor~!US Dollar vs Offshore RMB (CNH)",CNH,USDCNH.,100000,7.02759000,7.02534000,0,225.00,0.000000,0.000000,0.000000,0.00000,0.00000,0.00000,0.00000,0,0,0,1,5,0.00001,0.00000,false,0.000000,0.000000,0.000000,0.000000,0.000000,0.00,61.783307,81.501363,6.960320,7.026270,7.025170,7.025170,85.638576,0.038961,7.024290,7.023410,7.025170,0.000000,,
USDDKK.,1,"Currencies~!Scandinavians~!US Dollar vs Danish Krone",DKK,USDDKK.,100000,6.63526000,6.63414000,0,112.00,0.000000,0.000000,0.000000,0.00000,0.00000,0.00000,0.00000,0,0,0,1,5,0.00001,0.00000,false,0.000000,0.000000,0.000000,0.000000,0.000000,0.00,38.894944,0.000000,6.633850,6.626460,6.664550,6.664550,56.290026,0.069699,6.638250,6.635500,6.664550,0.000000,,
USDTRY.,1,"Currencies~!Exotic~!US Dollar vs Turkish Lira",TRY,USDTRY.,100000,6.25958000,6.25706000,0,252.00,0.000000,0.000000,0.000000,0.00000,0.00000,0.00000,0.00000,0,0,0,1,5,0.00001,0.00000,false,0.000000,0.000000,0.000000,0.000000,0.000000,0.00,72.235669,0.000000,6.209480,6.256080,6.255430,6.255430,79.977398,0.075289,6.255000,6.252900,6.255430,0.000000,,
EURCZK.,1,"Currencies~!Exotic~!Euro vs Czech Koruna",CZK,EURCZK.,100000,26.17260000,26.14250000,0,301.00,0.000000,0.000000,0.000000,0.0000,0.0000,0.0000,0.0000,0,0,0,1,4,0.0001,0.0000,false,0.000000,0.000000,0.000000,0.000000,0.000000,0.00,80.754882,80.970003,25.746600,26.142500,26.112100,26.112100,89.587719,0.221964,26.132900,26.136400,26.112100,0.000000,,
EURHUF.,1,"Currencies~!Exotic~!Euro vs Hungarian Florint",HUF,EURHUF.,100000,338.34400000,338.08000000,0,264.00,0.000000,0.000000,0.000000,0.000,0.000,0.000,0.000,0,0,0,1,3,0.001,0.000,false,0.000000,0.000000,0.000000,0.000000,0.000000,0.00,57.121861,64.083488,336.021000,338.145000,337.729000,337.729000,65.987984,2.466143,338.083000,338.095000,337.729000,0.000000,,
EURILS.,1,"Currencies~!Exotic~!Euro vs Israeli Shekel",ILS,EURILS.,100000,4.10341000,4.09096000,0,1245.00,0.000000,0.000000,0.000000,0.00000,0.00000,0.00000,0.00000,0,0,0,1,5,0.00001,0.00000,false,0.000000,0.000000,0.000000,0.000000,0.000000,0.00,77.348221,67.370654,4.011070,4.095770,4.069670,4.069670,70.494391,0.066551,4.087400,4.086600,4.069670,0.000000,,
EURNOK.,1,"Currencies~!Scandinavians~!Euro vs Norweigen Krone",NOK,EURNOK.,100000,11.36328000,11.35521000,0,807.00,0.000000,0.000000,0.000000,0.00000,0.00000,0.00000,0.00000,0,0,0,1,5,0.00001,0.00000,false,0.000000,0.000000,0.000000,0.000000,0.000000,0.00,84.494951,0.000000,10.912810,11.353610,11.321160,11.321160,81.750620,0.174056,11.322390,11.298550,11.321160,0.000000,,
EURPLN.,1,"Currencies~!Exotic~!Euro vs Polish Zlotty",PLN,EURPLN.,100000,4.35792000,4.35663000,0,129.00,0.000000,0.000000,0.000000,0.00000,0.00000,0.00000,0.00000,0,0,0,1,5,0.00001,0.00000,false,0.000000,0.000000,0.000000,0.000000,0.000000,0.00,69.581757,78.051580,4.320870,4.355280,4.352550,4.352550,80.242711,0.025655,4.354200,4.353670,4.352550,0.000000,,
EURSEK.,1,"Currencies~!Scandinavians~!Euro vs Swedish Krone",SEK,EURSEK.,100000,10.92339000,10.92104000,0,235.00,0.000000,0.000000,0.000000,0.00000,0.00000,0.00000,0.00000,0,0,0,1,5,0.00001,0.00000,false,0.000000,0.000000,0.000000,0.000000,0.000000,0.00,71.986932,73.473407,10.722650,10.907980,10.879740,10.879740,79.034142,0.098097,10.896030,10.888540,10.879740,0.000000,,
USDCZK.,1,"Currencies~!Exotic~!US Dollar vs Czech Koruna",CZK,USDCZK.,100000,23.23530000,23.21140000,0,239.00,0.000000,0.000000,0.000000,0.0000,0.0000,0.0000,0.0000,0,0,0,1,4,0.0001,0.0000,false,0.000000,0.000000,0.000000,0.000000,0.000000,0.00,60.232035,72.593559,22.867200,23.184600,23.304300,23.304300,81.112964,0.309814,23.217200,23.219100,23.304300,0.000000,,
GBPILS.,1,"Currencies~!Exotic~!Great Britan Pound vs  Israeli Shekel",ILS,GBPILS.,100000,4.61619000,4.61351000,0,268.00,0.000000,0.000000,0.000000,0.00000,0.00000,0.00000,0.00000,0,0,0,1,5,0.00001,0.00000,false,0.000000,0.000000,0.000000,0.000000,0.000000,0.00,64.572560,0.000000,4.564210,4.613410,4.603610,4.603610,58.404230,0.070049,4.600810,4.608910,4.603610,0.000000,,
USDHUF.,1,"Currencies~!Exotic~!US Dollar vs Hungarian Forint",HUF,USDHUF.,100000,300.37800000,300.11800000,0,260.00,0.000000,0.000000,0.000000,0.000,0.000,0.000,0.000,0,0,0,1,3,0.001,0.000,false,0.000000,0.000000,0.000000,0.000000,0.000000,0.00,44.567679,56.707681,298.361000,299.855000,301.280000,301.280000,64.085641,3.956714,300.414000,300.299000,301.280000,0.000000,,
USDILS.,1,"Currencies~!Exotic~!US Dollar vs Israeli Shekel",ILS,USDILS.,100000,3.63874000,3.63667000,0,207.00,0.000000,0.000000,0.000000,0.00000,0.00000,0.00000,0.00000,0,0,0,1,5,0.00001,0.00000,false,0.000000,0.000000,0.000000,0.000000,0.000000,0.00,86.260014,77.071854,3.562560,3.635490,3.637560,3.637560,89.609441,0.038209,3.634910,3.635390,3.637560,0.000000,,
USDMXN.,1,"Currencies~!Exotic~!US Dollar vs Mexican Peso",MXN,USDMXN.,100000,22.10286000,22.06383000,0,3903.00,0.000000,0.000000,0.000000,0.00000,0.00000,0.00000,0.00000,0,0,0,1,5,0.00001,0.00000,false,0.000000,0.000000,0.000000,0.000000,0.000000,0.00,90.754796,0.000000,21.396910,22.071160,22.113610,22.113610,74.020175,0.612697,22.136270,22.158240,22.113610,0.000000,,
USDNOK.,1,"Currencies~!Scandinavians~!US Dollar vs Norweigen Krone",NOK,USDNOK.,100000,10.08749000,10.08121000,0,628.00,0.000000,0.000000,0.000000,0.00000,0.00000,0.00000,0.00000,0,0,0,1,5,0.00001,0.00000,false,0.000000,0.000000,0.000000,0.000000,0.000000,0.00,85.088256,0.000000,9.693250,10.069180,10.096350,10.096350,85.013455,0.156803,10.066260,10.081570,10.096350,0.000000,,
USDPLN.,1,"Currencies~!Exotic~!US Dollar vs Polish Zloty",PLN,USDPLN.,100000,3.86904000,3.86811000,0,93.00,0.000000,0.000000,0.000000,0.00000,0.00000,0.00000,0.00000,0,0,0,1,5,0.00001,0.00000,false,0.000000,0.000000,0.000000,0.000000,0.000000,0.00,50.396489,63.509340,3.838750,3.861940,3.880250,3.880250,69.633220,0.044309,3.868260,3.866480,3.880250,0.000000,,
USDRON.,1,"Currencies~!Exotic~!US Dollar vs Romanian RON",RON,USDRON.,100000,4.27877000,4.27877000,0,0.00,0.000000,0.000000,0.000000,0.00000,0.00000,0.00000,0.00000,0,0,0,1,5,0.00001,0.00000,false,0.000000,0.000000,0.000000,0.000000,0.000000,0.00,40.085909,0.000000,4.272010,4.274360,4.299800,4.299800,58.395469,0.041139,4.281910,4.281930,4.299800,0.000000,,
USDRUB.,1,"Currencies~!Exotic~!US Dollar vs Russian Ruble",RUB,USDRUB.,100000,74.76540000,74.72710000,0,383.00,0.000000,0.000000,0.000000,0.0000,0.0000,0.0000,0.0000,0,0,0,1,4,0.0001,0.0000,false,0.000000,0.000000,0.000000,0.000000,0.000000,0.00,74.389618,0.000000,72.922100,74.827500,75.011600,75.011600,69.893061,2.008036,74.967100,74.939600,75.011600,0.000000,,
USDSEK.,1,"Currencies~!Scandinavians~!US Dollar vs Swedish Krone",SEK,USDSEK.,100000,9.69917000,9.69667000,0,250.00,0.000000,0.000000,0.000000,0.00000,0.00000,0.00000,0.00000,0,0,0,1,5,0.00001,0.00000,false,0.000000,0.000000,0.000000,0.000000,0.000000,0.00,60.770185,70.075627,9.519310,9.672140,9.695210,9.695210,79.829590,0.121189,9.681090,9.675850,9.695210,0.000000,,
USDZAR.,1,"Currencies~!Exotic~!US Dollar vs South African Rand",ZAR,USDZAR.,100000,16.43539000,16.42874000,0,665.00,0.000000,0.000000,0.000000,0.00000,0.00000,0.00000,0.00000,0,0,0,1,5,0.00001,0.00000,false,0.000000,0.000000,0.000000,0.000000,0.000000,0.00,76.135705,0.000000,16.200580,16.425410,16.425400,16.425400,68.475548,0.373575,16.433980,16.435810,16.425400,0.000000,,
ACBFF,1,"US Equities~!NYSE~!Aurora Cannabis Inc.,1Lot=2500 Shares, NYSE",USD,ACBFF,2500,0.86000000,0.85000000,0,1.00,0.000000,0.000000,0.000000,0.00,0.00,0.00,0.00,0,0,0,1,2,0.01,0.00,false,0.000000,0.000000,0.000000,0.000000,0.000000,0.00,21.840444,21.318955,0.960000,0.000000,0.000000,0.000000,20.623730,0.114286,0.000000,0.000000,0.000000,0.000000,,
ADBE,1,"US Equities~!NASDAQ~!ADOBE SYS INC 1 Shares Per 1 Lot NASDAQ",USD,ADBE,1,316.20000000,316.19000000,0,1.00,0.000000,0.000000,0.000000,0.00,0.00,0.00,0.00,0,0,0,1,2,0.01,0.00,false,0.000000,0.000000,0.000000,0.000000,0.000000,0.00,38.603561,0.000000,331.070000,0.000000,0.000000,0.000000,44.342862,18.762857,0.000000,0.000000,0.000000,0.000000,,
AMAZON,0,"US Equities~!NASDAQ~!Amazon 150 Shares Per 1 Lot NASDAQ",USD,AMAZON,150,1825.98000000,1825.97000000,0,1.00,0.000000,0.000000,0.000000,0.00,0.00,0.00,0.00,0,0,0,1,2,0.01,0.00,false,0.000000,0.000000,0.000000,0.000000,0.000000,0.00,39.260983,45.023128,1886.730000,0.000000,0.000000,1831.660000,43.912020,82.146429,0.000000,0.000000,0.000000,0.000000,,
ALIBABA,1,"US Equities~!NYSE~!Alibaba Group 150 Shares Per 1 Lot NASDAQ",USD,ALIBABA,150,198.87000000,198.86000000,0,1.00,0.000000,0.000000,0.000000,0.00,0.00,0.00,0.00,0,0,0,1,2,0.01,0.00,false,0.000000,0.000000,0.000000,0.000000,0.000000,0.00,40.221461,0.000000,205.920000,0.000000,0.000000,0.000000,45.023268,8.158571,0.000000,0.000000,0.000000,0.000000,,
ALCOA,1,"US Equities~!NYSE~!Alcoa 2000 Shares Per 1 Lot NYSE",USD,ALCOA,2000,8.94000000,8.93000000,0,1.00,0.000000,0.000000,0.000000,0.00,0.00,0.00,0.00,0,0,0,1,2,0.01,0.00,false,0.000000,0.000000,0.000000,0.000000,0.000000,0.00,19.490899,0.000000,9.220000,0.000000,0.000000,0.000000,40.912254,1.038571,0.000000,0.000000,0.000000,0.000000,,
ALTGR,1,"US Equities~!NYSE~!Altria Group, Inc. 400 Shares Per 1 Lot NYSE",USD,ALTGR,400,40.63000000,40.62000000,0,1.00,0.000000,0.000000,0.000000,0.00,0.00,0.00,0.00,0,0,0,1,2,0.01,0.00,false,0.000000,0.000000,0.000000,0.000000,0.000000,0.00,36.441754,0.000000,42.150000,0.000000,0.000000,0.000000,45.528898,1.852143,0.000000,0.000000,0.000000,0.000000,,
AMEX,1,"US Equities~!NYSE~!AMERICAN EXPRESS CO 1 Shares Per 1 Lot - NYS",USD,AMEX,1,95.53000000,95.52000000,0,1.00,0.000000,0.000000,0.000000,0.00,0.00,0.00,0.00,0,0,0,1,2,0.01,0.00,false,0.000000,0.000000,0.000000,0.000000,0.000000,0.00,28.275267,0.000000,103.000000,0.000000,0.000000,0.000000,35.990986,6.810714,0.000000,0.000000,0.000000,0.000000,,
AMGEN,1,"US Equities~!NASDAQ~!AMGEN INC 1 Shares Per 1 Lot - NSDQ",USD,AMGEN,1,198.90000000,198.89000000,0,1.00,0.000000,0.000000,0.000000,0.00,0.00,0.00,0.00,0,0,0,1,2,0.01,0.00,false,0.000000,0.000000,0.000000,0.000000,0.000000,0.00,38.723257,0.000000,206.760000,0.000000,0.000000,0.000000,45.029769,10.156429,0.000000,0.000000,0.000000,0.000000,,
APPLE,1,"US Equities~!NASDAQ~!Apple Inc. 150 Shares Per 1 Lot NASDAQ",USD,APPLE,150,275.85000000,275.84000000,0,1.00,0.000000,0.000000,0.000000,0.00,0.00,0.00,0.00,0,0,0,1,2,0.01,0.00,false,0.000000,0.000000,0.000000,0.000000,0.000000,0.00,41.065985,48.543695,283.820000,0.000000,0.000000,277.310000,46.511118,16.079286,0.000000,0.000000,0.000000,0.000000,,
ATNT,1,"US Equities~!NYSE~! AT&T, Inc 100 Shares Per 1 Lot NYSE",USD,ATNT,100,34.64000000,34.63000000,0,1.00,0.000000,0.000000,0.000000,0.00,0.00,0.00,0.00,0,0,0,1,2,0.01,0.00,false,0.000000,0.000000,0.000000,0.000000,0.000000,0.00,38.469303,0.000000,35.800000,0.000000,0.000000,0.000000,43.436252,1.535000,0.000000,0.000000,0.000000,0.000000,,
BAIDU,1,"US Equities~!NASDAQ~!BAIDU INC 36 Shares Per 1 Lot Nasdaq",USD,BAIDU,36,108.46000000,108.45000000,0,1.00,0.000000,0.000000,0.000000,0.00,0.00,0.00,0.00,0,0,0,1,2,0.01,0.00,false,0.000000,0.000000,0.000000,0.000000,0.000000,0.00,30.953266,45.953811,111.350000,0.000000,0.000000,108.520000,41.233657,5.177143,0.000000,0.000000,0.000000,0.000000,,
BBRY,1,"US Equities~!NASDAQ~!Research In Motion 1000 Shares Per 1 Lot N",USD,BBRY,1000,4.18000000,4.17000000,0,1.00,0.000000,0.000000,0.000000,0.00,0.00,0.00,0.00,0,0,0,1,2,0.01,0.00,false,0.000000,0.000000,0.000000,0.000000,0.000000,0.00,23.378618,0.000000,4.190000,0.000000,0.000000,0.000000,47.593934,0.296429,0.000000,0.000000,0.000000,0.000000,,
BERKB,1,"US Equities~!NYSE~!Berkshire Hathaway 150 Shares Per 1 Lot NYSE",USD,BERKB,150,195.12000000,195.11000000,0,1.00,0.000000,0.000000,0.000000,0.00,0.00,0.00,0.00,0,0,0,1,2,0.01,0.00,false,0.000000,0.000000,0.000000,0.000000,0.000000,0.00,34.280962,0.000000,201.880000,0.000000,0.000000,0.000000,42.716803,8.619286,0.000000,0.000000,0.000000,0.000000,,
BIIB,1,"US Equities~!NASDAQ~!Biogen Inc 1 Shares Per 1 Lot NASDAQ",USD,BIIB,1,294.58000000,294.27000000,0,31.00,0.000000,0.000000,0.000000,0.00,0.00,0.00,0.00,0,0,0,1,2,0.01,0.00,false,0.000000,0.000000,0.000000,0.000000,0.000000,0.00,40.545409,0.000000,304.570000,0.000000,0.000000,0.000000,39.789408,13.661429,0.000000,0.000000,0.000000,0.000000,,
BGNE,1,"US Equities~!NASDAQ~!BeiGene Ltd 150 Shares Per 1 Lot Nasdaq",USD,BGNE,150,145.93000000,145.92000000,0,1.00,0.000000,0.000000,0.000000,0.00,0.00,0.00,0.00,0,0,0,1,2,0.01,0.00,false,0.000000,0.000000,0.000000,0.000000,0.000000,0.00,34.323036,0.000000,155.820000,0.000000,0.000000,0.000000,36.975328,7.266429,0.000000,0.000000,0.000000,0.000000,,
BITA,1,"US Equities~!NYSE~!BITAUTO HLDGS LTD 15000 Shares Per 1 Lot NYS",USD,BITA,15000,13.47000000,13.46000000,0,1.00,0.000000,0.000000,0.000000,0.00,0.00,0.00,0.00,0,0,0,1,2,0.01,0.00,false,0.000000,0.000000,0.000000,0.000000,0.000000,0.00,23.907557,0.000000,13.870000,0.000000,0.000000,0.000000,35.825233,0.379286,0.000000,0.000000,0.000000,0.000000,,
BOEING,0,"US Equities~!NYSE~!Boeing 250 Shares Per 1 Lot NYSE",USD,BOEING,250,189.18000000,189.17000000,0,1.00,0.000000,0.000000,0.000000,0.00,0.00,0.00,0.00,0,0,0,1,2,0.01,0.00,false,0.000000,0.000000,0.000000,0.000000,0.000000,0.00,15.571568,22.410974,230.830000,0.000000,0.000000,193.660000,18.126571,19.235000,0.000000,0.000000,0.000000,0.000000,,
BSTBY,1,"US Equities~!NYSE~!Best Buy Co Inc. 100 Shares Per 1 Lot NYSE",USD,BSTBY,100,65.55000000,65.54000000,0,1.00,0.000000,0.000000,0.000000,0.00,0.00,0.00,0.00,0,0,0,1,2,0.01,0.00,false,0.000000,0.000000,0.000000,0.000000,0.000000,0.00,28.849549,0.000000,70.000000,0.000000,0.000000,0.000000,37.273591,4.673571,0.000000,0.000000,0.000000,0.000000,,
BYND,1,"US Equities~!NASDAQ~!Beyond Meat, Inc, 1Lot=200 Shares NASDAQ",USD,BYND,200,82.70000000,82.65000000,0,5.00,0.000000,0.000000,0.000000,0.00,0.00,0.00,0.00,0,0,0,1,2,0.01,0.00,false,0.000000,0.000000,0.000000,0.000000,0.000000,0.00,34.678115,34.687487,90.840000,0.000000,0.000000,82.510000,33.307796,8.850000,0.000000,0.000000,0.000000,0.000000,,
BZUN,1,"US Equities~!NASDAQ~!BAOZUN INC SPONSORED ADR 1000 Shares Per",USD,BZUN,1000,30.12000000,30.11000000,0,1.00,0.000000,0.000000,0.000000,0.00,0.00,0.00,0.00,0,0,0,1,2,0.01,0.00,false,0.000000,0.000000,0.000000,0.000000,0.000000,0.00,39.235365,0.000000,30.640000,0.000000,0.000000,0.000000,40.984426,1.455000,0.000000,0.000000,0.000000,0.000000,,
CATER,1,"US Equities~!NYSE~!CATERPILLAR INC 1 Shares Per 1 Lot - NYSE",USD,CATER,1,101.05000000,101.03000000,0,2.00,0.000000,0.000000,0.000000,0.00,0.00,0.00,0.00,0,0,0,1,2,0.01,0.00,false,0.000000,0.000000,0.000000,0.000000,0.000000,0.00,20.227250,0.000000,106.030000,0.000000,0.000000,0.000000,31.498403,5.706429,0.000000,0.000000,0.000000,0.000000,,
CBPO,1,"US Equities~!NASDAQ~!CHINA BIOLOGIC PRODS INC 1000 Shares Per",USD,CBPO,1000,115.94000000,115.93000000,0,1.00,0.000000,0.000000,0.000000,0.00,0.00,0.00,0.00,0,0,0,1,2,0.01,0.00,false,0.000000,0.000000,0.000000,0.000000,0.000000,0.00,50.495473,0.000000,115.920000,0.000000,0.000000,0.000000,55.470579,1.916429,0.000000,0.000000,0.000000,0.000000,,
CHEVRON,1,"US Equities~!NYSE~!Chevron Corporation 100 Shares Per 1 Lot - N",USD,CHEVRON,100,83.31000000,83.30000000,0,1.00,0.000000,0.000000,0.000000,0.00,0.00,0.00,0.00,0,0,0,1,2,0.01,0.00,false,0.000000,0.000000,0.000000,0.000000,0.000000,0.00,28.252311,0.000000,84.670000,0.000000,0.000000,0.000000,42.412207,4.881429,0.000000,0.000000,0.000000,0.000000,,
CHNPETRO,1,"US Equities~!NYSE~!CHINA PETE & CHEM CORP 1 Shares Per 1 Lot NA",USD,CHNPETRO,1,48.37000000,48.35000000,0,2.00,0.000000,0.000000,0.000000,0.00,0.00,0.00,0.00,0,0,0,1,2,0.01,0.00,false,0.000000,0.000000,0.000000,0.000000,0.000000,0.00,35.372298,0.000000,49.990000,0.000000,0.000000,0.000000,44.002670,1.677143,0.000000,0.000000,0.000000,0.000000,,
CISCO,1,"US Equities~!NASDAQ~!Cisco Systems 1000 Shares Per 1 Lot NASDAQ",USD,CISCO,1000,37.11000000,37.10000000,0,1.00,0.000000,0.000000,0.000000,0.00,0.00,0.00,0.00,0,0,0,1,2,0.01,0.00,false,0.000000,0.000000,0.000000,0.000000,0.000000,0.00,30.980698,0.000000,40.020000,0.000000,0.000000,37.400000,39.767225,2.110714,0.000000,0.000000,0.000000,0.000000,,
CITI,1,"US Equities~!NYSE~!CitiGroup 500 Shares Per 1 Lot NYSE",USD,CITI,500,50.80000000,50.79000000,0,1.00,0.000000,0.000000,0.000000,0.00,0.00,0.00,0.00,0,0,0,1,2,0.01,0.00,false,0.000000,0.000000,0.000000,0.000000,0.000000,0.00,25.617199,0.000000,55.450000,0.000000,0.000000,0.000000,34.914624,4.236429,0.000000,0.000000,0.000000,0.000000,,
CITRIX,0,"US Equities~!NASDAQ~!CITRIX SYS INC 1 Shares Per 1 Lot NASDAQ",USD,CITRIX,1,114.89000000,114.88000000,0,1.00,0.000000,0.000000,0.000000,0.00,0.00,0.00,0.00,0,0,0,1,2,0.01,0.00,false,0.000000,0.000000,0.000000,0.000000,0.000000,0.00,49.874151,52.634758,114.510000,0.000000,0.000000,0.000000,52.979125,5.300714,0.000000,0.000000,0.000000,0.000000,,
CNHI,1,"US Equities~!NYSE~!CNH INDL 1 Shares Per 1 Lot - NYSE",USD,CNHI,1,7.50000000,7.49000000,0,1.00,0.000000,0.000000,0.000000,0.00,0.00,0.00,0.00,0,0,0,1,2,0.01,0.00,false,0.000000,0.000000,0.000000,0.000000,0.000000,0.00,25.047703,0.000000,8.110000,0.000000,0.000000,0.000000,28.168102,0.447857,0.000000,0.000000,0.000000,0.000000,,
COKE,1,"US Equities~!NYSE~!Coca-Cola Inc. 1 Shares Per 1 Lot NYSE",USD,COKE,1,52.21000000,52.20000000,0,1.00,0.000000,0.000000,0.000000,0.00,0.00,0.00,0.00,0,0,0,1,2,0.01,0.00,false,0.000000,0.000000,0.000000,0.000000,0.000000,0.00,36.935814,49.380023,53.560000,0.000000,0.000000,52.180000,44.283939,2.345000,0.000000,0.000000,0.000000,0.000000,,
CSIQ,1,"US Equities~!NASDAQ~!CANADIAN SOLAR INC 1000 Shares Per 1 Lot ",USD,CSIQ,1000,17.94000000,17.93000000,0,1.00,0.000000,0.000000,0.000000,0.00,0.00,0.00,0.00,0,0,0,1,2,0.01,0.00,false,0.000000,0.000000,0.000000,0.000000,0.000000,0.00,33.334774,0.000000,18.160000,0.000000,0.000000,17.920000,44.231143,1.372857,0.000000,0.000000,0.000000,0.000000,,
CTRP,1,"US Equities~!NASDAQ~!CTRIP COM INTL 1 Shares Per 1 Lot NASDAQ",USD,CTRP,1,27.59000000,27.58000000,0,1.00,0.000000,0.000000,0.000000,0.00,0.00,0.00,0.00,0,0,0,1,2,0.01,0.00,false,0.000000,0.000000,0.000000,0.000000,0.000000,0.00,34.656352,0.000000,28.990000,0.000000,0.000000,27.620000,40.102110,1.417857,0.000000,0.000000,0.000000,0.000000,,
DELL,1,"US Equities~!NYSE~!iDell Technologies Class C, 1Lot=350, NYSE",USD,DELL,350,36.91000000,36.90000000,0,1.00,0.000000,0.000000,0.000000,0.00,0.00,0.00,0.00,0,0,0,1,2,0.01,0.00,false,0.000000,0.000000,0.000000,0.000000,0.000000,0.00,29.517175,0.000000,39.040000,0.000000,0.000000,0.000000,41.816848,2.910000,0.000000,0.000000,0.000000,0.000000,,
DISNEY,0,"US Equities~!NYSE~!DISNEY WALT CO 1 Shares Per 1 Lot NYSE",USD,DISNEY,1,105.69000000,105.68000000,0,1.00,0.000000,0.000000,0.000000,0.00,0.00,0.00,0.00,0,0,0,1,2,0.01,0.00,false,0.000000,0.000000,0.000000,0.000000,0.000000,0.00,28.619152,48.783349,111.340000,0.000000,0.000000,0.000000,44.612853,6.150714,0.000000,0.000000,0.000000,0.000000,,
EBAY,1,"US Equities~!NASDAQ~!eBay 500 Shares Per 1 Lot NASDAQ",USD,EBAY,500,34.97000000,34.96000000,0,1.00,0.000000,0.000000,0.000000,0.00,0.00,0.00,0.00,0,0,0,1,2,0.01,0.00,false,0.000000,0.000000,0.000000,0.000000,0.000000,0.00,43.214136,0.000000,35.900000,0.000000,0.000000,0.000000,42.582208,1.555714,0.000000,0.000000,0.000000,0.000000,,
EXPE,1,"US Equities~!NASDAQ~!EXPEDIA INC DEL 100 Shares Per 1 Lot  NSDQ",USD,EXPE,100,76.86000000,76.84000000,0,2.00,0.000000,0.000000,0.000000,0.00,0.00,0.00,0.00,0,0,0,1,2,0.01,0.00,false,0.000000,0.000000,0.000000,0.000000,0.000000,0.00,18.175331,0.000000,86.280000,0.000000,0.000000,0.000000,28.219889,6.551429,0.000000,0.000000,0.000000,0.000000,,
EXXM,1,"US Equities~!NYSE~!Exxon Mobil Corporation 150 Shares Per 1 Lot",USD,EXXM,150,42.22000000,42.21000000,0,1.00,0.000000,0.000000,0.000000,0.00,0.00,0.00,0.00,0,0,0,1,2,0.01,0.00,false,0.000000,0.000000,0.000000,0.000000,0.000000,0.00,23.487820,0.000000,43.630000,0.000000,0.000000,0.000000,38.283872,2.947143,0.000000,0.000000,0.000000,0.000000,,
FACEBOOK,1,"US Equities~!NASDAQ~!Facebook 500 Shares Per 1 Lot NASDAQ",USD,FACEBOOK,500,170.84000000,170.83000000,0,1.00,0.000000,0.000000,0.000000,0.00,0.00,0.00,0.00,0,0,0,1,2,0.01,0.00,false,0.000000,0.000000,0.000000,0.000000,0.000000,0.00,31.495638,0.000000,177.990000,0.000000,0.000000,0.000000,42.955791,8.603571,0.000000,0.000000,0.000000,0.000000,,
FERRARI,1,"US Equities~!NYSE~!FERRARI 100 Shares Per 1 Lot NYSE",USD,FERRARI,100,143.09000000,143.02000000,0,7.00,0.000000,0.000000,0.000000,0.00,0.00,0.00,0.00,0,0,0,1,2,0.01,0.00,false,0.000000,0.000000,0.000000,0.000000,0.000000,0.00,32.938047,0.000000,145.630000,0.000000,0.000000,0.000000,42.618816,6.838571,0.000000,0.000000,0.000000,0.000000,,
FSOLAR,0,"US Equities~!NASDAQ~!First Solar 1 Shares Per 1 Lot NASDAQ",USD,FSOLAR,1,37.40000000,37.38000000,0,2.00,0.000000,0.000000,0.000000,0.00,0.00,0.00,0.00,0,0,0,1,2,0.01,0.00,false,0.000000,0.000000,0.000000,0.000000,0.000000,0.00,28.106982,0.000000,41.030000,0.000000,0.000000,0.000000,32.451956,3.413571,0.000000,0.000000,0.000000,0.000000,,
FVRR,1,"US Equities~!NYSE~!Fiverr International Ltd, 1Lot=600 Shares",USD,FVRR,600,27.17000000,27.16000000,0,1.00,0.000000,0.000000,0.000000,0.00,0.00,0.00,0.00,0,0,0,1,2,0.01,0.00,false,0.000000,0.000000,0.000000,0.000000,0.000000,0.00,43.292070,0.000000,29.420000,0.000000,0.000000,0.000000,35.331159,2.387857,0.000000,0.000000,0.000000,0.000000,,
GILD,1,"US Equities~!NASDAQ~!GILEAD SCIENCES INC 1 Shares Per 1 Lot NAS",USD,GILD,1,73.61000000,73.60000000,0,1.00,0.000000,0.000000,0.000000,0.00,0.00,0.00,0.00,0,0,0,1,2,0.01,0.00,false,0.000000,0.000000,0.000000,0.000000,0.000000,0.00,54.368206,0.000000,72.130000,0.000000,0.000000,73.980000,49.694722,4.726429,0.000000,0.000000,0.000000,0.000000,,
GPRO,1,"US Equities~!NASDAQ~!GO PRO 1 Shares Per 1 Lot NASDAQ",USD,GPRO,1,3.31000000,3.30000000,0,1.00,0.000000,0.000000,0.000000,0.00,0.00,0.00,0.00,0,0,0,1,2,0.01,0.00,false,0.000000,0.000000,0.000000,0.000000,0.000000,0.00,36.159317,0.000000,3.640000,0.000000,0.000000,0.000000,38.302224,0.265714,0.000000,0.000000,0.000000,0.000000,,
GOOGLE,0,"US Equities~!NASDAQ~!Google 25 Shares Per 1 Lot NASDAQ",USD,GOOGLE,25,1220.28000000,1219.72000000,0,56.00,0.000000,0.000000,0.000000,0.00,0.00,0.00,0.00,0,0,0,1,2,0.01,0.00,false,0.000000,0.000000,0.000000,0.000000,0.000000,0.00,32.929964,0.000000,1276.270000,0.000000,0.000000,0.000000,41.798340,63.952143,0.000000,0.000000,0.000000,0.000000,,
GWPH,1,"US Equities~!NASDAQ~!GW Pharmaceuticals plc, 1Lot=100 Shares",USD,GWPH,100,87.15000000,87.00000000,0,15.00,0.000000,0.000000,0.000000,0.00,0.00,0.00,0.00,0,0,0,1,2,0.01,0.00,false,0.000000,0.000000,0.000000,0.000000,0.000000,0.00,28.996447,42.807980,94.470000,0.000000,0.000000,0.000000,40.444134,7.127143,0.000000,0.000000,0.000000,0.000000,,
HALLIB,0,"US Equities~!NYSE~!HALLIBURTON CO 1 Shares Per 1 Lot NYSE",USD,HALLIB,1,7.84000000,7.83000000,0,1.00,0.000000,0.000000,0.000000,0.00,0.00,0.00,0.00,0,0,0,1,2,0.01,0.00,false,0.000000,0.000000,0.000000,0.000000,0.000000,0.00,10.762595,0.000000,8.630000,0.000000,0.000000,0.000000,23.917334,1.486429,0.000000,0.000000,0.000000,0.000000,,
HDEP,1,"US Equities~!NYSE~!HOME DEPOT INC 1 Shares Per 1 Lot NYSE",USD,HDEP,1,214.04000000,213.97000000,0,7.00,0.000000,0.000000,0.000000,0.00,0.00,0.00,0.00,0,0,0,1,2,0.01,0.00,false,0.000000,0.000000,0.000000,0.000000,0.000000,0.00,40.321908,0.000000,225.150000,0.000000,0.000000,0.000000,43.828330,11.440000,0.000000,0.000000,0.000000,0.000000,,
HPACK,1,"US Equities~!NYSE~!Hewlett Packard 1000 Shares Per 1 Lot NYSE",USD,HPACK,1000,19.37000000,19.36000000,0,1.00,0.000000,0.000000,0.000000,0.00,0.00,0.00,0.00,0,0,0,1,2,0.01,0.00,false,0.000000,0.000000,0.000000,0.000000,0.000000,0.00,37.286669,0.000000,19.790000,0.000000,0.000000,0.000000,46.035143,1.107857,0.000000,0.000000,0.000000,0.000000,,
HTHT,1,"US Equities~!NASDAQ~!CHINA LODGING GROUP 1000 Shares Per 1 Lot",USD,HTHT,1000,30.44000000,30.42000000,0,2.00,0.000000,0.000000,0.000000,0.00,0.00,0.00,0.00,0,0,0,1,2,0.01,0.00,false,0.000000,0.000000,0.000000,0.000000,0.000000,0.00,33.842604,0.000000,32.110000,0.000000,0.000000,0.000000,34.817952,1.458571,0.000000,0.000000,0.000000,0.000000,,
INTEL,1,"US Equities~!NASDAQ~!Intel 1000 Shares Per 1 Lot NASDAQ",USD,INTEL,1000,51.82000000,51.81000000,0,1.00,0.000000,0.000000,0.000000,0.00,0.00,0.00,0.00,0,0,0,1,2,0.01,0.00,false,0.000000,0.000000,0.000000,0.000000,0.000000,0.00,34.062371,0.000000,53.730000,0.000000,0.000000,0.000000,43.370263,2.894286,0.000000,0.000000,0.000000,0.000000,,
LEVI,1,"US Equities~!NYSE~!LEVI STRAUSS & CO, 1Lot=650 Shares",USD,LEVI,650,15.55000000,15.53000000,0,2.00,0.000000,0.000000,0.000000,0.00,0.00,0.00,0.00,0,0,0,1,2,0.01,0.00,false,0.000000,0.000000,0.000000,0.000000,0.000000,0.00,29.074003,0.000000,16.690000,0.000000,0.000000,0.000000,29.676698,0.862143,0.000000,0.000000,0.000000,0.000000,,
LINE,1,"US Equities~!NYSE~!LINE CORP 1 Shares Per 1 Lot NYSE",USD,LINE,1,50.42000000,50.35000000,0,7.00,0.000000,0.000000,0.000000,0.00,0.00,0.00,0.00,0,0,0,1,2,0.01,0.00,false,0.000000,0.000000,0.000000,0.000000,0.000000,0.00,64.259541,0.000000,50.320000,0.000000,0.000000,0.000000,46.857129,0.531429,0.000000,0.000000,0.000000,0.000000,,
LYFT,1,"US Equities~!NASDAQ~!LYFT, Inc.,  1Lot=200 Shares, NASDAQ",USD,LYFT,200,28.69000000,28.68000000,0,1.00,0.000000,0.000000,0.000000,0.00,0.00,0.00,0.00,0,0,0,1,2,0.01,0.00,false,0.000000,0.000000,0.000000,0.000000,0.000000,0.00,22.940708,0.000000,32.750000,0.000000,0.000000,0.000000,33.164491,3.263571,0.000000,0.000000,0.000000,0.000000,,
MCARD,1,"US Equities~!NYSE~!Mastercard Inc 150 Shares Per 1 Lot NYSE",USD,MCARD,150,271.04000000,271.03000000,0,1.00,0.000000,0.000000,0.000000,0.00,0.00,0.00,0.00,0,0,0,1,2,0.01,0.00,false,0.000000,0.000000,0.000000,0.000000,0.000000,0.00,35.237331,0.000000,279.370000,0.000000,0.000000,0.000000,47.366353,16.381429,0.000000,0.000000,0.000000,0.000000,,
MCDON,1,"US Equities~!NYSE~!McDonalds 1 Shares Per 1 Lot NYSE",USD,MCDON,1,188.72000000,188.71000000,0,1.00,0.000000,0.000000,0.000000,0.00,0.00,0.00,0.00,0,0,0,1,2,0.01,0.00,false,0.000000,0.000000,0.000000,0.000000,0.000000,0.00,37.779330,0.000000,199.590000,0.000000,0.000000,0.000000,43.565700,8.755714,0.000000,0.000000,0.000000,0.000000,,
MACYS,1,"US Equities~!NYSE~!Macy`s Inc 1000 Shares Per 1 Lot NYSE",USD,MACYS,1000,9.51000000,9.50000000,0,1.00,0.000000,0.000000,0.000000,0.00,0.00,0.00,0.00,0,0,0,1,2,0.01,0.00,false,0.000000,0.000000,0.000000,0.000000,0.000000,0.00,15.536015,0.000000,10.350000,0.000000,0.000000,0.000000,32.919260,1.026429,0.000000,0.000000,0.000000,0.000000,,
MERCKUS,1,"US Equities~!NYSE~!Merck Co. 1 Shares Per 1 Lot NYSE",USD,MERCKUS,1,79.57000000,79.56000000,0,1.00,0.000000,0.000000,0.000000,0.00,0.00,0.00,0.00,0,0,0,1,2,0.01,0.00,false,0.000000,0.000000,0.000000,0.000000,0.000000,0.00,43.557626,0.000000,81.900000,0.000000,0.000000,0.000000,48.842390,3.290000,0.000000,0.000000,0.000000,0.000000,,
MICRON,0,"US Equities~!NASDAQ~!MICRON TECHNOLOGY INC 1 Shares Per 1 Lot N",USD,MICRON,1,43.76000000,43.75000000,0,1.00,0.000000,0.000000,0.000000,0.00,0.00,0.00,0.00,0,0,0,1,2,0.01,0.00,false,0.000000,0.000000,0.000000,0.000000,0.000000,0.00,32.698292,0.000000,47.850000,0.000000,0.000000,0.000000,34.421063,3.548571,0.000000,0.000000,0.000000,0.000000,,
MOMO,1,"US Equities~!NYSE~!MOMO 150 Shares Per 1 Lot NASDAQ",USD,MOMO,150,26.01000000,26.00000000,0,1.00,0.000000,0.000000,0.000000,0.00,0.00,0.00,0.00,0,0,0,1,2,0.01,0.00,false,0.000000,0.000000,0.000000,0.000000,0.000000,0.00,28.807485,0.000000,26.920000,0.000000,0.000000,0.000000,38.777695,1.375714,0.000000,0.000000,0.000000,0.000000,,
MORSTAN,1,"US Equities~!NYSE~!Morgan Stanley 1 Shares Per 1 Lot NYSE",USD,MORSTAN,1,36.91000000,36.90000000,0,1.00,0.000000,0.000000,0.000000,0.00,0.00,0.00,0.00,0,0,0,1,2,0.01,0.00,false,0.000000,0.000000,0.000000,0.000000,0.000000,0.00,24.064146,0.000000,39.460000,0.000000,0.000000,0.000000,35.844782,2.489286,0.000000,0.000000,0.000000,0.000000,,
MSFT,1,"US Equities~!NASDAQ~!Microsoft 500 Shares Per 1 Lot NASDAQ",USD,MSFT,500,153.71000000,153.70000000,0,1.00,0.000000,0.000000,0.000000,0.00,0.00,0.00,0.00,0,0,0,1,2,0.01,0.00,false,0.000000,0.000000,0.000000,0.000000,0.000000,0.00,39.250251,45.823777,159.830000,0.000000,0.000000,154.950000,43.995303,8.849286,0.000000,0.000000,0.000000,0.000000,,
MYLAN,1,"US Equities~!NASDAQ~!MYLAN N V 1 Shares Per 1 Lot NASDAQ",USD,MYLAN,1,14.51000000,14.50000000,0,1.00,0.000000,0.000000,0.000000,0.00,0.00,0.00,0.00,0,0,0,1,2,0.01,0.00,false,0.000000,0.000000,0.000000,0.000000,0.000000,0.00,23.299443,0.000000,15.110000,0.000000,0.000000,0.000000,42.803449,1.135714,0.000000,0.000000,0.000000,0.000000,,
NETFLIX,1,"US Equities~!NASDAQ~!NETFLIX INC 100 Shares Per 1 Lot - NSDQ",USD,NETFLIX,100,350.25000000,350.24000000,0,1.00,0.000000,0.000000,0.000000,0.00,0.00,0.00,0.00,0,0,0,1,2,0.01,0.00,false,0.000000,0.000000,0.000000,0.000000,0.000000,0.00,43.959060,44.114960,363.220000,0.000000,0.000000,0.000000,44.064002,18.753571,0.000000,0.000000,0.000000,0.000000,,
NIKE,1,"US Equities~!NYSE~!NIKE INC 1 Shares Per 1 Lot NYSE",USD,NIKE,1,84.28000000,84.27000000,0,1.00,0.000000,0.000000,0.000000,0.00,0.00,0.00,0.00,0,0,0,1,2,0.01,0.00,false,0.000000,0.000000,0.000000,0.000000,0.000000,0.00,33.164698,0.000000,88.140000,0.000000,0.000000,0.000000,46.124240,4.451429,0.000000,0.000000,0.000000,0.000000,,
NOKIA,1,"US Equities~!NYSE~!Nokia 2000 Shares Per 1 Lot NYSE",USD,NOKIA,2000,3.14000000,3.13000000,0,1.00,0.000000,0.000000,0.000000,0.00,0.00,0.00,0.00,0,0,0,1,2,0.01,0.00,false,0.000000,0.000000,0.000000,0.000000,0.000000,0.00,25.303874,0.000000,3.330000,0.000000,0.000000,0.000000,30.049144,0.192857,0.000000,0.000000,0.000000,0.000000,,
NTES,1,"US Equities~!NASDAQ~!NETEASE 1 Shares Per 1 Lot NASDAQ",USD,NTES,1,325.25000000,324.78000000,0,47.00,0.000000,0.000000,0.000000,0.00,0.00,0.00,0.00,0,0,0,1,2,0.01,0.00,false,0.000000,0.000000,0.000000,0.000000,0.000000,0.00,45.341818,0.000000,323.810000,0.000000,0.000000,0.000000,49.281189,15.095000,0.000000,0.000000,0.000000,0.000000,,
NVIDIA,0,"US Equities~!NASDAQ~!NVIDIA CORP 1 Shares Per 1 Lot NASDAQ",USD,NVIDIA,1,246.97000000,246.87000000,0,10.00,0.000000,0.000000,0.000000,0.00,0.00,0.00,0.00,0,0,0,1,2,0.01,0.00,false,0.000000,0.000000,0.000000,0.000000,0.000000,0.00,43.668125,0.000000,259.710000,0.000000,0.000000,0.000000,41.793037,18.366429,0.000000,0.000000,0.000000,0.000000,,
ORACLE,0,"US Equities~!NYSE~! Oracle Corporation 100 Shares Per 1 Lot ",USD,ORACLE,100,44.88000000,44.87000000,0,1.00,0.000000,0.000000,0.000000,0.00,0.00,0.00,0.00,0,0,0,1,2,0.01,0.00,false,0.000000,0.000000,0.000000,0.000000,0.000000,0.00,32.424980,0.000000,48.540000,0.000000,0.000000,0.000000,38.185783,2.525000,0.000000,0.000000,0.000000,0.000000,,
PAYCHEX,1,"US Equities~!NASDAQ~!PAYCHEX INC 100 Shares Per 1 Lot - NSDQ",USD,PAYCHEX,100,74.89000000,74.88000000,0,1.00,0.000000,0.000000,0.000000,0.00,0.00,0.00,0.00,0,0,0,1,2,0.01,0.00,false,0.000000,0.000000,0.000000,0.000000,0.000000,0.00,36.435894,0.000000,76.560000,0.000000,0.000000,0.000000,48.725983,3.897143,0.000000,0.000000,0.000000,0.000000,,
PAYPAL,0,"US Equities~!NASDAQ~!PayPal Inc 150 Shares Per 1 Lot - NSDQ",USD,PAYPAL,150,104.31000000,104.29000000,0,2.00,0.000000,0.000000,0.000000,0.00,0.00,0.00,0.00,0,0,0,1,2,0.01,0.00,false,0.000000,0.000000,0.000000,0.000000,0.000000,0.00,39.795547,0.000000,109.410000,0.000000,0.000000,0.000000,43.029573,5.897857,0.000000,0.000000,0.000000,0.000000,,
PCLN,1,"US Equities~!NASDAQ~!PRICELINE GRP INC 1 Shares Per 1 Lot - NSD",USD,PCLN,1,1448.78000000,1445.00000000,0,378.00,0.000000,0.000000,0.000000,0.00,0.00,0.00,0.00,0,0,0,1,2,0.01,0.00,false,0.000000,0.000000,0.000000,0.000000,0.000000,0.00,23.413898,0.000000,1556.450000,0.000000,0.000000,0.000000,31.795174,98.047143,0.000000,0.000000,0.000000,0.000000,,
PENNEY,0,"US Equities~!NYSE~!JC Penney Company Inc 2000 Shares Per 1 Lot ",USD,PENNEY,2000,0.51000000,0.50000000,0,1.00,0.000000,0.000000,0.000000,0.00,0.00,0.00,0.00,0,0,0,1,2,0.01,0.00,false,0.000000,0.000000,0.000000,0.000000,0.000000,0.00,21.544993,0.000000,0.560000,0.000000,0.000000,0.500000,23.976855,0.051429,0.000000,0.000000,0.000000,0.000000,,
PEPSI,1,"US Equities~!NYSE~!PepsiCo, Inc 100 Shares Per 1 Lot - NYSE",USD,PEPSI,100,130.15000000,130.14000000,0,1.00,0.000000,0.000000,0.000000,0.00,0.00,0.00,0.00,0,0,0,1,2,0.01,0.00,false,0.000000,0.000000,0.000000,0.000000,0.000000,0.00,37.503146,0.000000,134.200000,0.000000,0.000000,0.000000,45.100014,5.580000,0.000000,0.000000,0.000000,0.000000,,
PETRO,1,"US Equities~!NYSE~!Petroleo Brasileiro Petrobras 150Shares 1Lot",USD,PETRO,150,6.92000000,6.91000000,0,1.00,0.000000,0.000000,0.000000,0.00,0.00,0.00,0.00,0,0,0,1,2,0.01,0.00,false,0.000000,0.000000,0.000000,0.000000,0.000000,0.00,19.369888,0.000000,8.040000,0.000000,0.000000,0.000000,29.219032,1.078571,0.000000,0.000000,0.000000,0.000000,,
PINS,1,"US Equities~!NYSE~!Pinterest Inc, 1Lot=600 Shares",USD,PINS,600,15.46000000,15.45000000,0,1.00,0.000000,0.000000,0.000000,0.00,0.00,0.00,0.00,0,0,0,1,2,0.01,0.00,false,0.000000,0.000000,0.000000,0.000000,0.000000,0.00,24.151376,0.000000,16.650000,0.000000,0.000000,0.000000,35.609272,1.282857,0.000000,0.000000,0.000000,0.000000,,
PFIZER,0,"US Equities~!NYSE~!Pfizer 1 Shares Per 1 Lot NYSE",USD,PFIZER,1,32.29000000,32.28000000,0,1.00,0.000000,0.000000,0.000000,0.00,0.00,0.00,0.00,0,0,0,1,2,0.01,0.00,false,0.000000,0.000000,0.000000,0.000000,0.000000,0.00,34.000606,0.000000,34.550000,0.000000,0.000000,0.000000,36.254796,1.533571,0.000000,0.000000,0.000000,0.000000,,
PUMP,1,"US Equities~!NYSE~!PROPETRO HOLDING CORP 1 Share Per 1 Lot NYSE",USD,PUMP,1,3.76000000,3.75000000,0,1.00,0.000000,0.000000,0.000000,0.00,0.00,0.00,0.00,0,0,0,1,2,0.01,0.00,false,0.000000,0.000000,0.000000,0.000000,0.000000,0.00,20.438355,0.000000,3.750000,0.000000,0.000000,0.000000,30.525846,1.063571,0.000000,0.000000,0.000000,0.000000,,
RANDG,1,"US Equities~!NASDAQ~!Barrick Gold Corp, 1Lot=1Share",USD,RANDG,1,18.77000000,18.76000000,0,1.00,0.000000,0.000000,0.000000,0.00,0.00,0.00,0.00,0,0,0,1,2,0.01,0.00,false,0.000000,0.000000,0.000000,0.000000,0.000000,0.00,42.542114,0.000000,19.810000,0.000000,0.000000,0.000000,34.399993,1.145714,0.000000,0.000000,0.000000,0.000000,,
RLAUREN,1,"US Equities~!NYSE~!Ralph Lauren Corporation 100 Shares Per 1 Lo",USD,RLAUREN,100,90.74000000,90.73000000,0,1.00,0.000000,0.000000,0.000000,0.00,0.00,0.00,0.00,0,0,0,1,2,0.01,0.00,false,0.000000,0.000000,0.000000,0.000000,0.000000,0.00,29.536662,0.000000,98.940000,0.000000,0.000000,0.000000,30.751338,6.690000,0.000000,0.000000,0.000000,0.000000,,
SEAGATE,1,"US Equities~!NASDAQ~!SEAGATE TECHNOLOGY PLC 1 Shares Per 1 Lot ",USD,SEAGATE,1,45.51000000,45.50000000,0,1.00,0.000000,0.000000,0.000000,0.00,0.00,0.00,0.00,0,0,0,1,2,0.01,0.00,false,0.000000,0.000000,0.000000,0.000000,0.000000,0.00,33.082632,0.000000,47.770000,0.000000,0.000000,0.000000,43.526539,2.414286,0.000000,0.000000,0.000000,0.000000,,
SHINHAN,1,"US Equities~!NYSE~!Shinhan Financial Group 1 Shares Per 1 Lot N",USD,SHINHAN,1,25.14000000,25.12000000,0,2.00,0.000000,0.000000,0.000000,0.00,0.00,0.00,0.00,0,0,0,1,2,0.01,0.00,false,0.000000,0.000000,0.000000,0.000000,0.000000,0.00,29.857817,0.000000,25.560000,0.000000,0.000000,0.000000,42.831178,1.570714,0.000000,0.000000,0.000000,0.000000,,
SCHEIN,0,"US Equities~!NASDAQ~!SCHEIN HENRY INC 100 Shares Per 1 Lot - NS",USD,SCHEIN,100,57.68000000,57.67000000,0,1.00,0.000000,0.000000,0.000000,0.00,0.00,0.00,0.00,0,0,0,1,2,0.01,0.00,false,0.000000,0.000000,0.000000,0.000000,0.000000,0.00,34.020088,0.000000,57.800000,0.000000,0.000000,0.000000,52.811870,2.749286,0.000000,0.000000,0.000000,0.000000,,
SNAP,1,"US Equities~!NYSE~!SNAP ON INC 1 Shares Per 1 Lot NYSE",USD,SNAP,1,129.76000000,129.66000000,0,10.00,0.000000,0.000000,0.000000,0.00,0.00,0.00,0.00,0,0,0,1,2,0.01,0.00,false,0.000000,0.000000,0.000000,0.000000,0.000000,0.00,30.727590,0.000000,140.180000,0.000000,0.000000,129.530000,35.939535,6.902143,0.000000,0.000000,0.000000,0.000000,,
SNAPCHAT,1,"US Equities~!NYSE~! SNAP INC 100 Shares Per 1 Lot - NYSE",USD,SNAPCHAT,100,10.82000000,10.81000000,0,1.00,0.000000,0.000000,0.000000,0.00,0.00,0.00,0.00,0,0,0,1,2,0.01,0.00,false,0.000000,0.000000,0.000000,0.000000,0.000000,0.00,19.871760,0.000000,11.850000,0.000000,0.000000,0.000000,32.317888,0.960000,0.000000,0.000000,0.000000,0.000000,,
SONY,1,"US Equities~!NYSE~!SONY 30 Shares Per 1 Lot NYSE",USD,SONY,30,57.86000000,57.85000000,0,1.00,0.000000,0.000000,0.000000,0.00,0.00,0.00,0.00,0,0,0,1,2,0.01,0.00,false,0.000000,0.000000,0.000000,0.000000,0.000000,0.00,31.034555,0.000000,60.340000,0.000000,0.000000,0.000000,33.694100,2.279286,0.000000,0.000000,0.000000,0.000000,,
STARBUCKS,1,"US Equities~!NASDAQ~!STARBUCKS CORP 1 Shares Per 1 Lot - NSDQ",USD,STARBUCKS,1,68.56000000,68.55000000,0,1.00,0.000000,0.000000,0.000000,0.00,0.00,0.00,0.00,0,0,0,1,2,0.01,0.00,false,0.000000,0.000000,0.000000,0.000000,0.000000,0.00,28.466407,0.000000,74.740000,0.000000,0.000000,0.000000,33.576412,3.781429,0.000000,0.000000,0.000000,0.000000,,
STRCYC,0,"US Equities~!NASDAQ~!STERICYCLE INC 100 Shares Per 1 Lot - NSDQ",USD,STRCYC,100,51.60000000,51.59000000,0,1.00,0.000000,0.000000,0.000000,0.00,0.00,0.00,0.00,0,0,0,1,2,0.01,0.00,false,0.000000,0.000000,0.000000,0.000000,0.000000,0.00,30.745768,0.000000,55.460000,0.000000,0.000000,0.000000,31.282342,3.811429,0.000000,0.000000,0.000000,0.000000,,
SURGICAL,1,"US Equities~!NASDAQ~!INTUATIVE SURGICAL 100 Shares Per 1 Lot - ",USD,SURGICAL,100,510.91000000,510.90000000,0,1.00,0.000000,0.000000,0.000000,0.00,0.00,0.00,0.00,0,0,0,1,2,0.01,0.00,false,0.000000,0.000000,0.000000,0.000000,0.000000,0.00,36.059544,45.151776,536.530000,0.000000,0.000000,0.000000,41.098985,28.071429,0.000000,0.000000,0.000000,0.000000,,
TARGET,0,"US Equities~!NYSE~!Target Corporation 250 Shares Per 1 Lot NYSE",USD,TARGET,250,105.38000000,105.37000000,0,1.00,0.000000,0.000000,0.000000,0.00,0.00,0.00,0.00,0,0,0,1,2,0.01,0.00,false,0.000000,0.000000,0.000000,0.000000,0.000000,0.00,40.012826,49.713459,108.600000,0.000000,0.000000,105.050000,49.114681,4.575000,0.000000,0.000000,0.000000,0.000000,,
TEVA,1,"US Equities~!NYSE~!Teva Pharmaceutical, 1Lot=150 Shares",USD,TEVA,1000,9.05000000,9.04000000,0,1.00,0.000000,0.000000,0.000000,0.00,0.00,0.00,0.00,0,0,0,1,2,0.01,0.00,false,0.000000,0.000000,0.000000,0.000000,0.000000,0.00,31.617953,0.000000,9.320000,0.000000,0.000000,0.000000,34.117058,0.829286,0.000000,0.000000,0.000000,0.000000,,
TOYOTA,0,"US Equities~!NYSE~!Toyota 250 Shares Per 1 Lot NYSE",USD,TOYOTA,250,122.95000000,122.92000000,0,3.00,0.000000,0.000000,0.000000,0.00,0.00,0.00,0.00,0,0,0,1,2,0.01,0.00,false,0.000000,0.000000,0.000000,0.000000,0.000000,0.00,30.261423,0.000000,126.870000,0.000000,0.000000,0.000000,37.636469,3.487143,0.000000,0.000000,0.000000,0.000000,,
TLRY,1,"US Equities~!NASDAQ~!Tilray, Inc. ,600 Shares Per 1 Lot - NSDQ",USD,TLRY,600,7.12000000,7.10000000,0,2.00,0.000000,0.000000,0.000000,0.00,0.00,0.00,0.00,0,0,0,1,2,0.01,0.00,false,0.000000,0.000000,0.000000,0.000000,0.000000,0.00,21.509774,0.000000,7.830000,0.000000,0.000000,0.000000,19.032966,1.504286,0.000000,0.000000,0.000000,0.000000,,
TWLO,1,"US Equities~!NYSE~!Twilio Inc 150 Shares Per 1 Lot NYSE",USD,TWLO,150,87.13000000,87.12000000,0,1.00,0.000000,0.000000,0.000000,0.00,0.00,0.00,0.00,0,0,0,1,2,0.01,0.00,false,0.000000,0.000000,0.000000,0.000000,0.000000,0.00,18.826139,37.577207,92.310000,0.000000,0.000000,0.000000,31.432307,7.082143,0.000000,0.000000,0.000000,0.000000,,
TVIX,1,"US Equities~!NYSE~!VelocityShares Daily 2x VIX, 1Lot=1,000",USD,TVIX,1000,271.23000000,271.22000000,0,1.00,0.000000,0.000000,0.000000,0.00,0.00,0.00,0.00,0,0,0,1,2,0.01,0.00,false,0.000000,0.000000,0.000000,0.000000,0.000000,0.00,79.808771,61.418760,216.980000,0.000000,0.000000,268.450000,63.168841,38.250000,0.000000,0.000000,0.000000,0.000000,,
TSLA,1,"US Equities~!NASDAQ~!Tesla Motors Inc 50 Shares Per 1 Lot NASDA",USD,TSLA,50,634.38000000,633.49000000,0,89.00,0.000000,0.000000,0.000000,0.00,0.00,0.00,0.00,0,0,0,1,2,0.01,0.00,false,0.000000,0.000000,0.000000,0.000000,0.000000,0.00,41.535274,48.790244,643.750000,0.000000,634.540000,633.830000,44.457424,62.112857,0.000000,0.000000,0.000000,0.000000,,
TWITTER,1,"US Equities~!NYSE~!Twitter 750 Shares Per 1 Lot NYSE",USD,TWITTER,750,31.34000000,31.33000000,0,1.00,0.000000,0.000000,0.000000,0.00,0.00,0.00,0.00,0,0,0,1,2,0.01,0.00,false,0.000000,0.000000,0.000000,0.000000,0.000000,0.00,39.411098,41.322258,34.170000,0.000000,0.000000,0.000000,40.025328,2.319286,0.000000,0.000000,0.000000,0.000000,,
TRIP,1,"US Equities~!NASDAQ~!TRIPADVISOR INC 100 Shares Per 1Lot Nasdaq",USD,TRIP,100,18.25000000,18.24000000,0,1.00,0.000000,0.000000,0.000000,0.00,0.00,0.00,0.00,0,0,0,1,2,0.01,0.00,false,0.000000,0.000000,0.000000,0.000000,0.000000,0.00,19.485049,31.933941,19.600000,0.000000,0.000000,0.000000,23.947775,1.636429,0.000000,0.000000,0.000000,0.000000,,
TRVG,1,"US Equities~!NASDAQ~! TRAVEL B.V. 1 Shares Per 1 Lot - NSDQ",USD,TRVG,1,1.55000000,1.54000000,0,1.00,0.000000,0.000000,0.000000,0.00,0.00,0.00,0.00,0,0,0,1,2,0.01,0.00,false,0.000000,0.000000,0.000000,0.000000,0.000000,0.00,24.654121,49.936244,1.500000,0.000000,0.000000,0.000000,47.096735,0.205000,0.000000,0.000000,0.000000,0.000000,,
UBER,1,"US Equities~!NYSE~!Uber Technologies Inc, 1Lot=350 Shares, NYSE",USD,UBER,350,26.21000000,26.20000000,0,1.00,0.000000,0.000000,0.000000,0.00,0.00,0.00,0.00,0,0,0,1,2,0.01,0.00,false,0.000000,0.000000,0.000000,0.000000,0.000000,0.00,26.125981,33.371201,28.830000,0.000000,0.000000,0.000000,29.492261,2.703571,0.000000,0.000000,0.000000,0.000000,,
USSTEEL,1,"US Equities~!NYSE~!US Steel 1000 Shares Per 1 Lot NYSE",USD,USSTEEL,1000,5.96000000,5.95000000,0,1.00,0.000000,0.000000,0.000000,0.00,0.00,0.00,0.00,0,0,0,1,2,0.01,0.00,false,0.000000,0.000000,0.000000,0.000000,0.000000,0.00,26.167840,40.646318,6.610000,0.000000,0.000000,0.000000,36.407661,0.659286,0.000000,0.000000,0.000000,0.000000,,
USFD,1,"US Equities~!NYSE~!US Foods Holding Corp 250 Shares Per 1 Lot N",USD,USFD,250,26.39000000,26.38000000,0,1.00,0.000000,0.000000,0.000000,0.00,0.00,0.00,0.00,0,0,0,1,2,0.01,0.00,false,0.000000,0.000000,0.000000,0.000000,0.000000,0.00,19.457757,23.860740,30.150000,0.000000,0.000000,0.000000,26.218717,1.800000,0.000000,0.000000,0.000000,0.000000,,
WFARGO,0,"US Equities~!NYSE~!Wells Fargo & Co, 1Lot=400 Shares",USD,WFARGO,400,32.40000000,32.39000000,0,1.00,0.000000,0.000000,0.000000,0.00,0.00,0.00,0.00,0,0,0,1,2,0.01,0.00,false,0.000000,0.000000,0.000000,0.000000,0.000000,0.00,23.158277,38.596670,34.970000,0.000000,0.000000,0.000000,34.711339,2.326429,0.000000,0.000000,0.000000,0.000000,,
VISA,1,"US Equities~!NYSE~!VISA INC 150 Shares Per 1 Lot NYSE",USD,VISA,150,173.80000000,173.79000000,0,1.00,0.000000,0.000000,0.000000,0.00,0.00,0.00,0.00,0,0,0,1,2,0.01,0.00,false,0.000000,0.000000,0.000000,0.000000,0.000000,0.00,37.584216,46.207290,181.530000,0.000000,0.000000,0.000000,43.604201,9.344286,0.000000,0.000000,0.000000,0.000000,,
VMWARE,0,"US Equities~!NYSE~!VMWARE INC 150 Shares Per 1 Lot",USD,VMWARE,150,106.07000000,106.03000000,0,4.00,0.000000,0.000000,0.000000,0.00,0.00,0.00,0.00,0,0,0,1,2,0.01,0.00,false,0.000000,0.000000,0.000000,0.000000,0.000000,0.00,24.897604,41.793906,113.580000,0.000000,0.000000,0.000000,38.198323,8.725000,0.000000,0.000000,0.000000,0.000000,,
VERTEX,0,"US Equities~!NASDAQ~!VERTEX PHARMACEUTICALS INC 1 Shares Per 1 ",USD,VERTEX,1,220.70000000,220.69000000,0,1.00,0.000000,0.000000,0.000000,0.00,0.00,0.00,0.00,0,0,0,1,2,0.01,0.00,false,0.000000,0.000000,0.000000,0.000000,0.000000,0.00,42.262477,44.403838,230.240000,0.000000,0.000000,0.000000,43.778949,11.365714,0.000000,0.000000,0.000000,0.000000,,
WMART,1,"US Equities~!NYSE~!WAL-MART STORES INC 1 Shares Per 1 Lot NYSE",USD,WMART,1,114.65000000,114.64000000,0,1.00,0.000000,0.000000,0.000000,0.00,0.00,0.00,0.00,0,0,0,1,2,0.01,0.00,false,0.000000,0.000000,0.000000,0.000000,0.000000,0.00,47.574101,41.600129,119.640000,0.000000,0.000000,0.000000,43.299379,4.512143,0.000000,0.000000,0.000000,0.000000,,
WYNN,1,"US Equities~!NASDAQ~!WYNN RESORTS 1 Shares Per 1 Lot NYSE",USD,WYNN,1,81.10000000,81.09000000,0,1.00,0.000000,0.000000,0.000000,0.00,0.00,0.00,0.00,0,0,0,1,2,0.01,0.00,false,0.000000,0.000000,0.000000,0.000000,0.000000,0.00,24.417230,37.387496,89.870000,0.000000,0.000000,0.000000,35.433114,8.138571,0.000000,0.000000,0.000000,0.000000,,
XLNX,1,"US Equities~!NASDAQ~!XILINX INC 100 Shares Per 1 Lot - NASDAQ",USD,XLNX,100,73.84000000,73.83000000,0,1.00,0.000000,0.000000,0.000000,0.00,0.00,0.00,0.00,0,0,0,1,2,0.01,0.00,false,0.000000,0.000000,0.000000,0.000000,0.000000,0.00,31.723497,40.873122,77.290000,0.000000,0.000000,0.000000,39.146353,3.712857,0.000000,0.000000,0.000000,0.000000,,
YIRENDAI,1,"US Equities~!NYSE~!YIRENDAI LTD 100 Shares Per 1 Lot NYSE",USD,YIRENDAI,100,4.19000000,4.18000000,0,1.00,0.000000,0.000000,0.000000,0.00,0.00,0.00,0.00,0,0,0,1,2,0.01,0.00,false,0.000000,0.000000,0.000000,0.000000,0.000000,0.00,41.158709,47.928653,4.240000,0.000000,0.000000,0.000000,49.266712,0.258571,0.000000,0.000000,0.000000,0.000000,,
TADAWUL,1,"Future indices~!World Indices~!Tadawul All Share Index, 1Lot=10",USD,TADAWUL,10,6398.28000000,6394.78000000,0,350.00,0.000000,0.000000,0.000000,0.00,0.00,0.00,0.00,0,0,0,1,2,0.01,0.00,false,0.000000,0.000000,0.000000,0.000000,0.000000,0.00,25.652549,40.969171,6558.630000,6394.230000,6381.570000,6382.030000,36.007345,280.643571,6397.350000,6391.750000,6383.380000,0.000000,,
ARAMCO,0,"US Equities~!NYSE~!Saudi Aramco, 1Lot=300 Shares, Tadawul Excha",SAR,ARAMCO,300,29.23000000,29.13000000,0,10.00,0.000000,0.000000,0.000000,0.00,0.00,0.00,0.00,0,0,0,1,2,0.01,0.00,false,0.000000,0.000000,0.000000,0.000000,0.000000,0.00,33.170361,44.377847,29.680000,29.130000,29.030000,28.930000,40.815529,1.236429,29.130000,29.030000,29.030000,0.000000,,
BTCEUR,0,"CryptoCurrencies~!Crypto vs Fiat~!Bitcoin vs Euro, 1 lot= 1",EUR,BTCEUR,1,5292.97000000,5240.30000000,0,5267.00,0.000000,0.000000,0.000000,0.00,0.00,0.00,0.00,0,0,0,1,2,0.01,0.00,false,0.000000,0.000000,0.000000,0.000000,0.000000,0.00,19.716644,0.000000,6900.030000,5238.690000,5270.580000,5270.580000,9.733001,461.843571,5262.560000,5287.220000,5270.580000,0.000000,,
BTCUSD,0,"CryptoCurrencies~!Crypto vs Fiat~!Bitcoin vs US dollar 1lot=1",USD,BTCUSD,1,5947.85000000,5888.67000000,0,5918.00,0.000000,0.000000,0.000000,0.00,0.00,0.00,0.00,0,0,0,1,2,0.01,0.00,false,0.000000,0.000000,0.000000,0.000000,0.000000,0.00,19.819524,8.863695,7769.320000,5898.800000,5900.830000,5900.830000,8.985162,531.838571,5904.110000,5927.540000,5900.830000,0.000000,,
BCHBTC,0,"CryptoCurrencies~!Crypto vs Fiat~!BitcoinCash vs Bitcoi lot=1",BTC,BCHBTC,1,0.03000000,0.02967000,0,33.00,0.000000,0.000000,0.000000,0.00000,0.00000,0.00000,0.00000,0,0,0,1,5,0.00001,0.00000,false,0.000000,0.000000,0.000000,0.000000,0.000000,0.00,26.689369,23.664777,0.033800,0.029650,0.029620,0.029620,22.859453,0.002074,0.029450,0.029620,0.029620,0.000000,,
DASHUSD,1,"CryptoCurrencies~!Crypto vs Fiat~!Dash Vs US dollar, 1 lot= 1",USD,DASHUSD,1,53.05500000,50.69300000,0,2362.00,0.000000,0.000000,0.000000,0.000,0.000,0.000,0.000,0,0,0,1,3,0.001,0.000,false,0.000000,0.000000,0.000000,0.000000,0.000000,0.00,25.666591,0.000000,70.977000,50.680000,50.692000,50.692000,16.053635,8.435643,50.644000,50.714000,50.692000,0.000000,,
DASHEUR,1,"CryptoCurrencies~!Crypto vs Fiat~!Dash Vs Euro, 1 lot= 1",EUR,DASHEUR,1,45.69300000,45.55200000,0,141.00,0.000000,0.000000,0.000000,0.000,0.000,0.000,0.000,0,0,0,1,3,0.001,0.000,false,0.000000,0.000000,0.000000,0.000000,0.000000,0.00,25.297715,0.000000,62.947000,45.195000,45.434000,45.434000,17.452299,7.589500,45.206000,45.252000,45.434000,0.000000,,
ETHBTC,0,"CryptoCurrencies~!Crypto vs Fiat~!Ethereum vs Bitcoin 1 lot=1",BTC,ETHBTC,1,0.02319000,0.02316000,0,3.00,0.000000,0.000000,0.000000,0.00000,0.00000,0.00000,0.00000,0,0,0,1,5,0.00001,0.00000,false,0.000000,0.000000,0.000000,0.000000,0.000000,0.00,37.952851,0.000000,0.024230,0.023160,0.023120,0.023120,40.669044,0.001269,0.023120,0.023130,0.023120,0.000000,,
ETHEUR,0,"CryptoCurrencies~!Crypto vs Fiat~!Ethereum vs Euro, 1 lot= 1",EUR,ETHEUR,1,122.51000000,121.29000000,0,122.00,0.000000,0.000000,0.000000,0.00,0.00,0.00,0.00,0,0,0,1,2,0.01,0.00,false,0.000000,0.000000,0.000000,0.000000,0.000000,0.00,25.551149,0.000000,167.430000,121.500000,121.000000,121.000000,11.713497,18.238571,121.470000,121.060000,121.000000,0.000000,,
ETHUSD,0,"CryptoCurrencies~!Crypto vs Fiat~!Ethereum vs US dollar lot=1",USD,ETHUSD,1,137.89000000,136.52000000,0,137.00,0.000000,0.000000,0.000000,0.00,0.00,0.00,0.00,0,0,0,1,2,0.01,0.00,false,0.000000,0.000000,0.000000,0.000000,0.000000,0.00,26.302515,0.000000,188.430000,136.530000,136.770000,136.770000,11.310859,20.695714,136.650000,136.840000,136.770000,0.000000,,
LTCBTC,0,"CryptoCurrencies~!Crypto Pairs~!Litecoin vs Bitcoin, 1 lot= 1",BTC,LTCBTC,1,0.00553000,0.00552000,0,1.00,0.000000,0.000000,0.000000,0.00000,0.00000,0.00000,0.00000,0,0,0,1,5,0.00001,0.00000,false,0.000000,0.000000,0.000000,0.000000,0.000000,0.00,25.730136,0.000000,0.006100,0.005520,0.005540,0.005540,13.172976,0.000324,0.005540,0.005540,0.005540,0.000000,,
LTCEUR,0,"CryptoCurrencies~!Crypto vs Fiat~!Litecoin vs Euro, 1 lot= 1",EUR,LTCEUR,1,29.56000000,29.39000000,0,17.00,0.000000,0.000000,0.000000,0.00,0.00,0.00,0.00,0,0,0,1,2,0.01,0.00,false,0.000000,0.000000,0.000000,0.000000,0.000000,0.00,23.200353,0.000000,42.340000,29.400000,29.380000,29.380000,9.338214,4.849286,29.530000,29.230000,29.380000,0.000000,,
LTCUSD,0,"CryptoCurrencies~!Crypto vs Fiat~!Litecoin vs US dollar1lot=1",USD,LTCUSD,1,32.96000000,32.88000000,0,8.00,0.000000,0.000000,0.000000,0.00,0.00,0.00,0.00,0,0,0,1,2,0.01,0.00,false,0.000000,0.000000,0.000000,0.000000,0.000000,0.00,23.503403,0.000000,47.660000,33.000000,32.880000,32.880000,8.961222,5.436429,33.120000,33.080000,32.880000,0.000000,,
XRPEUR,0,"CryptoCurrencies~!Crypto vs Fiat~!Ripple vs Euro, 1 lot= 100",EUR,XRPEUR,100,0.13805000,0.13803000,0,2.00,0.000000,0.000000,0.000000,0.00000,0.00000,0.00000,0.00000,0,0,0,1,5,0.00001,0.00000,false,0.000000,0.000000,0.000000,0.000000,0.000000,0.00,23.880238,0.000000,0.182310,0.138080,0.139660,0.139660,14.712067,0.015515,0.138710,0.138820,0.139660,0.000000,,
XRPUSD,0,"CryptoCurrencies~!Crypto vs Fiat~!Ripple vs US Dollar 1 lot=100",USD,XRPUSD,100,0.15551000,0.15550000,0,1.00,0.000000,0.000000,0.000000,0.00000,0.00000,0.00000,0.00000,0,0,0,1,5,0.00001,0.00000,false,0.000000,0.000000,0.000000,0.000000,0.000000,0.00,24.506443,0.000000,0.205160,0.155560,0.156500,0.156500,14.245679,0.017490,0.156100,0.156200,0.156500,0.000000,,
XMREUR,0,"CryptoCurrencies~!Crypto vs Fiat~!Monero Vs Euro, 1 lot= 1",EUR,XMREUR,1,33.13000000,32.94000000,0,19.00,0.000000,0.000000,0.000000,0.00,0.00,0.00,0.00,0,0,0,1,2,0.01,0.00,false,0.000000,0.000000,0.000000,0.000000,0.000000,0.00,21.147505,0.000000,47.080000,33.070000,33.140000,33.140000,12.227539,4.940000,33.070000,33.130000,33.140000,0.000000,,
XMRUSD,0,"CryptoCurrencies~!Crypto vs Fiat~!Monero Vs US dollar, 1 lot= 1",USD,XMRUSD,1,37.09000000,36.93000000,0,16.00,0.000000,0.000000,0.000000,0.00,0.00,0.00,0.00,0,0,0,1,2,0.01,0.00,false,0.000000,0.000000,0.000000,0.000000,0.000000,0.00,21.156688,0.000000,53.090000,37.010000,36.990000,36.990000,10.634179,5.671429,37.060000,37.110000,36.990000,0.000000,,
XAUEUR.,1,"Commodities~!Metals~!Gold - EUR, 1lot=100",EUR,XAUEUR.,100,1433.95000000,1433.80000000,0,15.00,0.000000,0.000000,0.000000,0.00,0.00,0.00,0.00,0,0,0,1,2,0.01,0.00,false,0.000000,0.000000,0.000000,0.000000,0.000000,0.00,42.969668,32.997576,1450.790000,1432.530000,1439.140000,1439.140000,32.606187,35.760714,1435.000000,1433.860000,1439.140000,0.000000,,
XAUUSD.,1,"Commodities~!Metals~!Gold - US, 1lot=100",USD,XAUUSD.,100,1615.27000000,1614.90000000,0,37.00,0.000000,0.000000,0.000000,0.00,0.00,0.00,0.00,0,0,0,1,2,0.01,0.00,false,0.000000,0.000000,0.000000,0.000000,0.000000,0.00,49.187306,29.111940,1634.970000,1615.510000,1612.990000,1612.990000,27.886605,42.673571,1614.950000,1615.030000,1612.990000,0.000000,,
XTIUSD.,1,"Commodities~!Energy~!Oil Spot WTI, 1lot=100",USD,XTIUSD.,100,31.30000000,31.25000000,0,5.00,0.000000,0.000000,0.000000,0.00,0.00,0.00,0.00,0,0,0,1,2,0.01,0.00,false,0.000000,0.000000,0.000000,0.000000,0.000000,0.00,23.660282,33.260340,33.370000,31.240000,31.240000,31.240000,32.511942,3.868571,31.160000,31.270000,31.240000,0.000000,,
XAGUSD.,1,"Commodities~!Metals~!Silver vs USD Dollar, 1lot=1,000",USD,XAGUSD.,1000,16.11800000,16.10700000,0,11.00,0.000000,0.000000,0.000000,0.000,0.000,0.000,0.000,0,0,0,1,3,0.001,0.000,false,0.000000,0.000000,0.000000,0.000000,0.000000,0.00,29.981505,19.805865,16.757000,16.136000,16.114000,16.114000,21.412149,0.631643,16.139000,16.151000,16.114000,0.000000,,
AEX-MAR20,1,"Future indices~!Europe Indices~!AEX- Amsterdam 25, 1Lot=200",EUR,AEX-MAR20,200,449.35000000,449.05000000,0,30.00,0.000000,0.000000,0.000000,0.00,0.00,0.00,0.00,0,0,0,1,2,0.01,0.00,false,0.000000,0.000000,0.000000,0.000000,0.000000,0.00,23.991377,28.200460,477.050000,450.100000,452.570000,452.570000,26.134729,26.965714,452.320000,452.570000,453.800000,0.000000,,
ASX-MAR20,1,"Future indices~!World Indices~!ASX-Australia 200 1Lot=100 - USD",USD,ASX-MAR20,100,5173.00000000,5171.00000000,0,200.00,0.000000,0.000000,0.000000,0.00,0.00,0.00,0.00,0,0,0,1,2,0.01,0.00,false,0.000000,0.000000,0.000000,0.000000,0.000000,0.00,26.832555,31.438037,5521.000000,5183.000000,5192.500000,5203.000000,26.408691,333.214286,5195.000000,5192.500000,5201.000000,0.000000,,
CAC-MAR20.,1,"Future indices~!Europe Indices~!CAC40 - EUR, 1lot=10",EUR,CAC-MAR20.,10,4267.11000000,4267.10000000,0,1.00,0.000000,0.000000,0.000000,0.00,0.00,0.00,0.00,0,0,0,1,2,0.01,0.00,false,0.000000,0.000000,0.000000,0.000000,0.000000,0.00,22.329573,28.253841,4547.500000,4274.600000,4307.750000,4307.750000,25.274770,269.214286,4306.000000,4307.750000,4319.500000,0.000000,,
DAX-MAR20.,1,"Future indices~!Europe Indices~!DAX30 - EUR, 1lot=25",EUR,DAX-MAR20.,25,9702.56000000,9694.00000000,0,856.00,0.000000,0.000000,0.000000,0.00,0.00,0.00,0.00,0,0,0,1,2,0.01,0.00,false,0.000000,0.000000,0.000000,0.000000,0.000000,0.00,22.314706,36.592434,10296.500000,9711.500000,9781.750000,9783.000000,33.911700,595.402857,9780.250000,9781.750000,9799.000000,0.000000,,
DOW-MAR20.,1,"Future indices~!US Indices~!DowJones30 - USD, 1lot=5",USD,DOW-MAR20.,5,22344.00000000,22340.00000000,0,400.00,0.000000,0.000000,0.000000,0.00,0.00,0.00,0.00,0,0,0,1,2,0.01,0.00,false,0.000000,0.000000,0.000000,0.000000,0.000000,0.00,27.129274,33.811212,23582.000000,22346.000000,22340.000000,22340.000000,28.488518,1387.711429,22346.000000,22340.000000,22340.000000,0.000000,,
FTSE-MAR20.,1,"Future indices~!Europe Indices~!FTSE100 - GBP, 1lot=10",GBP,FTSE-MAR20.,10,5501.01000000,5501.00000000,0,1.00,0.000000,0.000000,0.000000,0.00,0.00,0.00,0.00,0,0,0,1,2,0.01,0.00,false,0.000000,0.000000,0.000000,0.000000,0.000000,0.00,24.264720,34.114157,5820.000000,5504.250000,5532.250000,5532.250000,30.058563,310.907143,5531.500000,5532.250000,5539.000000,0.000000,,
JSE-MAR20,1,"Future indices~!World Indices~!Johannesburg 40, 1Lot=1 - USD",USD,JSE-MAR20,1,40392.00000000,40348.00000000,0,4400.00,0.000000,0.000000,0.000000,0.00,0.00,0.00,0.00,0,0,0,1,2,0.01,0.00,false,0.000000,0.000000,0.000000,0.000000,0.000000,0.00,20.340720,17.217871,43661.000000,40441.870000,40593.000000,40593.000000,15.644183,1799.687857,40514.120000,40593.000000,40614.000000,0.000000,,
MSCIS-MAR20,1,"Future indices~!Asain Indices~!MSCI Singapore Index,1lot=200 -$",USD,MSCIS-MAR20,200,300.44000000,300.00000000,0,44.00,0.000000,0.000000,0.000000,0.00,0.00,0.00,0.00,0,0,0,1,2,0.01,0.00,false,0.000000,0.000000,0.000000,0.000000,0.000000,0.00,23.593386,19.531836,316.500000,300.470000,301.650000,301.850000,15.900649,10.517857,300.500000,301.650000,302.350000,0.000000,,
SPMIB-MAR20,1,"Future indices~!Europe Indices~!Milano Italiana40 Index 1lot=2$",EUR,SPMIB-MAR20,2,16845.01000000,16845.00000000,0,1.00,0.000000,0.000000,0.000000,0.00,0.00,0.00,0.00,0,0,0,1,2,0.01,0.00,false,0.000000,0.000000,0.000000,0.000000,0.000000,0.00,17.721679,28.614108,17530.000000,16860.000000,17022.500000,17022.500000,26.344387,1118.571429,17007.500000,17022.500000,17060.000000,0.000000,,
NKY-JUN20,1,"Future indices~!Asain Indices~!Nikkei 225 ; 1lot = 1 - USD",USD,NKY-JUN20,1,17715.01000000,17715.00000000,0,1.00,0.000000,0.000000,0.000000,0.00,0.00,0.00,0.00,0,0,0,1,2,0.01,0.00,false,0.000000,0.000000,0.000000,0.000000,0.000000,0.00,24.917876,0.000000,18995.000000,17710.000000,17822.500000,17822.500000,28.172473,1061.927857,17747.500000,17762.500000,17822.500000,0.000000,,
DJXX-MAR20,1,"Future indices~!Europe Indices~!DJ Euro Stoxx 50. 1Lot=10",EUR,DJXX-MAR20,10,2684.00000000,2683.00000000,0,100.00,0.000000,0.000000,0.000000,0.00,0.00,0.00,0.00,0,0,0,1,2,0.01,0.00,false,0.000000,0.000000,0.000000,0.000000,0.000000,0.00,22.492756,28.566621,2857.000000,2675.000000,2731.000000,2731.000000,25.835144,171.357143,2680.000000,2731.000000,2721.000000,0.000000,,
NSDQ-MAR20.,1,"Future indices~!US Indices~!Nasdaq100 - USD, 1lot=20",USD,NSDQ-MAR20.,20,7601.50000000,7600.00000000,0,150.00,0.000000,0.000000,0.000000,0.00,0.00,0.00,0.00,0,0,0,1,2,0.01,0.00,false,0.000000,0.000000,0.000000,0.000000,0.000000,0.00,31.517581,35.414515,8006.250000,7600.000000,7600.000000,7600.000000,30.976486,473.000000,7600.750000,7600.000000,7603.750000,0.000000,,
SP-MAR20.,1,"Future indices~!US Indices~!S&P500 - USD, 1lot=50",USD,SP-MAR20.,50,2601.01000000,2601.00000000,0,1.00,0.000000,0.000000,0.000000,0.00,0.00,0.00,0.00,0,0,0,1,2,0.01,0.00,false,0.000000,0.000000,0.000000,0.000000,0.000000,0.00,27.953863,35.473874,2741.000000,2601.250000,2601.120000,2600.750000,30.739451,158.417143,2601.120000,2601.120000,2601.370000,0.000000,,
TN10Y-MAR20,1,"Bonds~!Us Bonds~!10-Year T-Note Futures Contract  - USD, 1lot=1",USD,TN10Y-MAR20,1000,139.48400000,136.26600000,0,3218.00,0.000000,0.000000,0.000000,0.000,0.000,0.000,0.000,0,0,0,1,3,0.001,0.000,false,0.000000,0.000000,0.000000,0.000000,0.000000,0.00,59.127169,52.800693,133.172000,136.266000,133.172000,133.172000,51.172772,2.277929,136.266000,136.266000,133.172000,0.000000,,
USNDX-MAR20,1,"Future indices~!US Indices~!US Dollar Index, 1Lot=1000",USD,USNDX-MAR20,1000,96.74500000,96.74400000,0,1.00,0.000000,0.000000,0.000000,0.000,0.000,0.000,0.000,0,0,0,1,3,0.001,0.000,false,0.000000,0.000000,0.000000,0.000000,0.000000,0.00,42.481110,57.740556,96.525000,96.675000,97.075000,97.075000,63.188867,0.839071,96.812000,96.760000,97.075000,0.000000,,
WHT-MAY20.,1,"Commodities~!Agriculture~!Wheat CME Group, 1lot=50",USD,WHT-MAY20.,50,503.00000000,502.75000000,0,25.00,0.000000,0.000000,0.000000,0.00,0.00,0.00,0.00,0,0,0,1,2,0.01,0.00,false,0.000000,0.000000,0.000000,0.000000,0.000000,0.00,0.000000,29.035877,512.500000,502.250000,502.250000,503.120000,27.872461,0.000000,502.620000,502.500000,502.620000,0.000000,,
CORN-MAY20.,1,"Commodities~!Agriculture~!Corn CME Group, 1lot=50 Bushels",USD,CORN-MAY20.,50,368.51000000,368.50000000,0,1.00,0.000000,0.000000,0.000000,0.00,0.00,0.00,0.00,0,0,0,1,2,0.01,0.00,false,0.000000,0.000000,0.000000,0.000000,0.000000,0.00,0.000000,34.223943,374.500000,368.370000,368.500000,368.250000,32.956895,0.000000,368.500000,368.500000,368.500000,0.000000,,
EBUND-JUN20,1,"Bonds~!Europe Bonds~!EUR Bund 10Y - 1lot=100",EUR,EBUND-JUN20,100,177.08000000,177.07000000,0,1.00,0.000000,0.000000,0.000000,0.00,0.00,0.00,0.00,0,0,0,1,2,0.01,0.00,false,0.000000,0.000000,0.000000,0.000000,0.000000,0.00,62.499012,47.369642,176.630000,176.830000,176.610000,176.850000,48.330194,1.508571,176.850000,176.610000,176.750000,0.000000,,
BRNT-MAY20.,1,"Commodities~!Energy~!Brent Crude Oil NYSE:ICE1Lot=1,000 Barrels",USD,BRNT-MAY20.,1000,33.58000000,33.57000000,0,1.00,0.000000,0.000000,0.000000,0.00,0.00,0.00,0.00,0,0,0,1,2,0.01,0.00,false,0.000000,0.000000,0.000000,0.000000,0.000000,0.00,23.131613,38.017952,35.810000,33.590000,33.590000,33.590000,32.583971,4.042857,33.600000,33.650000,33.590000,0.000000,,
SUG-MAY20.,1,"Commodities~!Agriculture~!Sugar #11 NYSE:ICE, 1Lot=1,120",USD,SUG-MAY20.,1120,11.73000000,11.72000000,0,1.00,0.000000,0.000000,0.000000,0.00,0.00,0.00,0.00,0,0,0,1,2,0.01,0.00,false,0.000000,0.000000,0.000000,0.000000,0.000000,0.00,16.458724,20.281842,12.230000,11.710000,11.760000,11.760000,18.551521,0.440000,11.740000,11.760000,11.760000,0.000000,,
CL-APR20.,1,"Commodities~!Energy~!Light Sweet Crude Oil CME Group,1lot=1,000",USD,CL-APR20.,1000,30.88000000,30.87000000,0,1.00,0.000000,0.000000,0.000000,0.00,0.00,0.00,0.00,0,0,0,1,2,0.01,0.00,false,0.000000,0.000000,0.000000,0.000000,0.000000,0.00,23.454308,32.614096,33.120000,30.840000,30.860000,30.860000,32.077168,3.887857,30.830000,30.880000,30.860000,0.000000,,
COFF-MAR20.,1,"Commodities~!Agriculture~!Coffee NYSE:ICE, 1Lot=375 Pounds",USD,COFF-MAR20.,375,108.25000000,107.96000000,0,29.00,0.000000,0.000000,0.000000,0.00,0.00,0.00,0.00,0,0,0,1,2,0.01,0.00,false,0.000000,0.000000,0.000000,0.000000,0.000000,0.00,48.313431,36.086713,111.650000,108.060000,108.310000,108.310000,39.676354,5.868571,108.060000,108.260000,108.310000,0.000000,,
COPP-MAR20.,1,"Commodities~!Energy~!Copper CME Group, 1lot=250 Pounds",USD,COPP-MAR20.,250,2.44500000,2.44300000,0,20.00,0.000000,0.000000,0.000000,0.0000,0.0000,0.0000,0.0000,0,0,0,1,4,0.0001,0.0000,false,0.000000,0.000000,0.000000,0.000000,0.000000,0.00,32.465535,31.251349,2.485000,2.444000,2.445500,2.445500,23.084717,0.060686,2.446700,2.447000,2.445500,0.000000,,
NGAS-APR20.,1,"Commodities~!Energy~!Natural Gas CME Group, 1lot=10,000 mmBtu",USD,NGAS-APR20.,10000,1.78900000,1.78800000,0,1.00,0.000000,0.000000,0.000000,0.000,0.000,0.000,0.000,0,0,0,1,3,0.001,0.000,false,0.000000,0.000000,0.000000,0.000000,0.000000,0.00,45.128453,38.835109,1.881000,1.793000,1.792000,1.792000,35.999459,0.101500,1.793000,1.792000,1.792000,0.000000,
